-- MySQL Script generated by MySQL Workbench
-- Mon Nov 15 23:26:16 2021
-- Model: New Model    Version: 1.0
-- MySQL Workbench Forward Engineering

SET @OLD_UNIQUE_CHECKS=@@UNIQUE_CHECKS, UNIQUE_CHECKS=0;
SET @OLD_FOREIGN_KEY_CHECKS=@@FOREIGN_KEY_CHECKS, FOREIGN_KEY_CHECKS=0;
SET @OLD_SQL_MODE=@@SQL_MODE, SQL_MODE='ONLY_FULL_GROUP_BY,STRICT_TRANS_TABLES,NO_ZERO_IN_DATE,NO_ZERO_DATE,ERROR_FOR_DIVISION_BY_ZERO,NO_ENGINE_SUBSTITUTION';

-- -----------------------------------------------------
-- Schema mydb
-- -----------------------------------------------------

-- -----------------------------------------------------
-- Schema mydb
-- -----------------------------------------------------
CREATE SCHEMA IF NOT EXISTS `mydb` DEFAULT CHARACTER SET utf8 ;
USE `mydb` ;

-- -----------------------------------------------------
-- Table `mydb`.`Dim_Waktu`
-- -----------------------------------------------------
DROP TABLE IF EXISTS `mydb`.`Dim_Waktu` ;

CREATE TABLE IF NOT EXISTS `mydb`.`Dim_Waktu` (
  `idWaktu` INT NOT NULL AUTO_INCREMENT,
  `Hari` VARCHAR(255) NOT NULL,
  `Tanggal` INT NOT NULL,
  `Bulan` INT NOT NULL,
  `Tahun` VARCHAR(255) NOT NULL,
  PRIMARY KEY (`idWaktu`))
ENGINE = MyISAM;


-- -----------------------------------------------------
-- Table `mydb`.`Dim_Drug`
-- -----------------------------------------------------
DROP TABLE IF EXISTS `mydb`.`Dim_Drug` ;

CREATE TABLE IF NOT EXISTS `mydb`.`Dim_Drug` (
  `idDrug` INT NOT NULL AUTO_INCREMENT,
  `drugBrandName` VARCHAR(255) NOT NULL,
  `drugPackageType` VARCHAR(255) NOT NULL,
  `drugUnitType` VARCHAR(255) NOT NULL,
  PRIMARY KEY (`idDrug`))
ENGINE = InnoDB;


-- -----------------------------------------------------
-- Table `mydb`.`timestamps`
-- -----------------------------------------------------
DROP TABLE IF EXISTS `mydb`.`timestamps` ;

CREATE TABLE IF NOT EXISTS `mydb`.`timestamps` (
  `create_time` TIMESTAMP NULL DEFAULT CURRENT_TIMESTAMP,
  `update_time` TIMESTAMP NULL);


-- -----------------------------------------------------
-- Table `mydb`.`user`
-- -----------------------------------------------------
DROP TABLE IF EXISTS `mydb`.`user` ;

CREATE TABLE IF NOT EXISTS `mydb`.`user` (
  `username` VARCHAR(16) NOT NULL,
  `email` VARCHAR(255) NULL,
  `password` VARCHAR(32) NOT NULL,
  `create_time` TIMESTAMP NULL DEFAULT CURRENT_TIMESTAMP);


-- -----------------------------------------------------
-- Table `mydb`.`Dim_Location`
-- -----------------------------------------------------
DROP TABLE IF EXISTS `mydb`.`Dim_Location` ;

CREATE TABLE IF NOT EXISTS `mydb`.`Dim_Location` (
  `idLocation` INT NOT NULL AUTO_INCREMENT,
  `namaKota` VARCHAR(255) NOT NULL,
  `namaKabupaten` VARCHAR(45) NOT NULL,
  PRIMARY KEY (`idLocation`))
ENGINE = InnoDB;


-- -----------------------------------------------------
-- Table `mydb`.`Dim_Patient`
-- -----------------------------------------------------
DROP TABLE IF EXISTS `mydb`.`Dim_Patient` ;

CREATE TABLE IF NOT EXISTS `mydb`.`Dim_Patient` (
  `idPatient` INT NOT NULL,
  `patientName` VARCHAR(255) NOT NULL,
  `patientDateofBirth` DATETIME NOT NULL,
  `patientGender` VARCHAR(255) NOT NULL,
  PRIMARY KEY (`idPatient`))
ENGINE = InnoDB;


-- -----------------------------------------------------
-- Table `mydb`.`Dim_Pharmacist`
-- -----------------------------------------------------
DROP TABLE IF EXISTS `mydb`.`Dim_Pharmacist` ;

CREATE TABLE IF NOT EXISTS `mydb`.`Dim_Pharmacist` (
  `idPharmacist` INT NOT NULL,
  `pharmacistName` VARCHAR(255) NOT NULL,
  `pharmacistLicenseNumber` VARCHAR(255) NOT NULL,
  `pharmacistAddress` VARCHAR(255) NOT NULL,
  PRIMARY KEY (`idPharmacist`))
ENGINE = InnoDB;


-- -----------------------------------------------------
-- Table `mydb`.`Fact_Sales`
-- -----------------------------------------------------
DROP TABLE IF EXISTS `mydb`.`Fact_Sales` ;

CREATE TABLE IF NOT EXISTS `mydb`.`Fact_Sales` (
  `idTransaction` INT NOT NULL AUTO_INCREMENT,
  `idWaktu` INT NOT NULL,
  `idDrug` INT NOT NULL,
  `idPatient` INT NOT NULL,
  `idLocation` INT NOT NULL,
  `idPharmacist` INT NOT NULL,
  PRIMARY KEY (`idTransaction`),
  UNIQUE INDEX `idTransaction_UNIQUE` (`idTransaction` ASC) VISIBLE,
  INDEX `idWaktu_idx` (`idWaktu` ASC) INVISIBLE,
  INDEX `idDrug_idx` (`idDrug` ASC) VISIBLE,
  INDEX `idPatient_idx` (`idPatient` ASC) VISIBLE,
  INDEX `idLocation_idx` (`idLocation` ASC) VISIBLE,
  INDEX `idPharmacist_idx` (`idPharmacist` ASC) VISIBLE,
  CONSTRAINT `idWaktu`
    FOREIGN KEY (`idWaktu`)
    REFERENCES `mydb`.`Dim_Waktu` (`idWaktu`)
    ON DELETE NO ACTION
    ON UPDATE NO ACTION,
  CONSTRAINT `idDrug`
    FOREIGN KEY (`idDrug`)
    REFERENCES `mydb`.`Dim_Drug` (`idDrug`)
    ON DELETE NO ACTION
    ON UPDATE NO ACTION,
  CONSTRAINT `idPatient`
    FOREIGN KEY (`idPatient`)
    REFERENCES `mydb`.`Dim_Patient` (`idPatient`)
    ON DELETE NO ACTION
    ON UPDATE NO ACTION,
  CONSTRAINT `idLocation`
    FOREIGN KEY (`idLocation`)
    REFERENCES `mydb`.`Dim_Location` (`idLocation`)
    ON DELETE NO ACTION
    ON UPDATE NO ACTION,
  CONSTRAINT `idPharmacist`
    FOREIGN KEY (`idPharmacist`)
    REFERENCES `mydb`.`Dim_Pharmacist` (`idPharmacist`)
    ON DELETE NO ACTION
    ON UPDATE NO ACTION)
ENGINE = InnoDB;


SET SQL_MODE=@OLD_SQL_MODE;
SET FOREIGN_KEY_CHECKS=@OLD_FOREIGN_KEY_CHECKS;
SET UNIQUE_CHECKS=@OLD_UNIQUE_CHECKS;

-- -----------------------------------------------------
-- Data for table `mydb`.`Dim_Waktu`
-- -----------------------------------------------------
START TRANSACTION;
USE `mydb`;
INSERT INTO `mydb`.`Dim_Waktu` (`idWaktu`, `Hari`, `Tanggal`, `Bulan`, `Tahun`) VALUES (1, 'Senin', 31, 1, '2021');
INSERT INTO `mydb`.`Dim_Waktu` (`idWaktu`, `Hari`, `Tanggal`, `Bulan`, `Tahun`) VALUES (2, 'Selasa', 30, 1, '2021');
INSERT INTO `mydb`.`Dim_Waktu` (`idWaktu`, `Hari`, `Tanggal`, `Bulan`, `Tahun`) VALUES (3, 'Rabu', 29, 1, '2021');
INSERT INTO `mydb`.`Dim_Waktu` (`idWaktu`, `Hari`, `Tanggal`, `Bulan`, `Tahun`) VALUES (4, 'Kamis', 28, 1, '2021');
INSERT INTO `mydb`.`Dim_Waktu` (`idWaktu`, `Hari`, `Tanggal`, `Bulan`, `Tahun`) VALUES (5, 'Jumat', 27, 3, '2021');
INSERT INTO `mydb`.`Dim_Waktu` (`idWaktu`, `Hari`, `Tanggal`, `Bulan`, `Tahun`) VALUES (6, 'Sabtu', 26, 3, '2021');
INSERT INTO `mydb`.`Dim_Waktu` (`idWaktu`, `Hari`, `Tanggal`, `Bulan`, `Tahun`) VALUES (7, 'Minggu', 25, 3, '2021');
INSERT INTO `mydb`.`Dim_Waktu` (`idWaktu`, `Hari`, `Tanggal`, `Bulan`, `Tahun`) VALUES (8, 'Senin', 24, 3, '2021');
INSERT INTO `mydb`.`Dim_Waktu` (`idWaktu`, `Hari`, `Tanggal`, `Bulan`, `Tahun`) VALUES (9, 'Selasa', 23, 3, '2021');
INSERT INTO `mydb`.`Dim_Waktu` (`idWaktu`, `Hari`, `Tanggal`, `Bulan`, `Tahun`) VALUES (10, 'Rabu', 22, 3, '2021');
INSERT INTO `mydb`.`Dim_Waktu` (`idWaktu`, `Hari`, `Tanggal`, `Bulan`, `Tahun`) VALUES (11, 'Kamis', 21, 4, '2021');
INSERT INTO `mydb`.`Dim_Waktu` (`idWaktu`, `Hari`, `Tanggal`, `Bulan`, `Tahun`) VALUES (12, 'Jumat', 20, 4, '2021');
INSERT INTO `mydb`.`Dim_Waktu` (`idWaktu`, `Hari`, `Tanggal`, `Bulan`, `Tahun`) VALUES (13, 'Sabtu', 19, 4, '2021');
INSERT INTO `mydb`.`Dim_Waktu` (`idWaktu`, `Hari`, `Tanggal`, `Bulan`, `Tahun`) VALUES (14, 'Minggu', 18, 4, '2021');
INSERT INTO `mydb`.`Dim_Waktu` (`idWaktu`, `Hari`, `Tanggal`, `Bulan`, `Tahun`) VALUES (15, 'Senin', 17, 4, '2021');
INSERT INTO `mydb`.`Dim_Waktu` (`idWaktu`, `Hari`, `Tanggal`, `Bulan`, `Tahun`) VALUES (16, 'Selasa', 16, 4, '2021');
INSERT INTO `mydb`.`Dim_Waktu` (`idWaktu`, `Hari`, `Tanggal`, `Bulan`, `Tahun`) VALUES (17, 'Rabu', 15, 4, '2021');
INSERT INTO `mydb`.`Dim_Waktu` (`idWaktu`, `Hari`, `Tanggal`, `Bulan`, `Tahun`) VALUES (18, 'Kamis', 14, 5, '2021');
INSERT INTO `mydb`.`Dim_Waktu` (`idWaktu`, `Hari`, `Tanggal`, `Bulan`, `Tahun`) VALUES (19, 'Jumat', 13, 5, '2021');
INSERT INTO `mydb`.`Dim_Waktu` (`idWaktu`, `Hari`, `Tanggal`, `Bulan`, `Tahun`) VALUES (20, 'Sabtu', 12, 5, '2021');
INSERT INTO `mydb`.`Dim_Waktu` (`idWaktu`, `Hari`, `Tanggal`, `Bulan`, `Tahun`) VALUES (21, 'Minggu', 11, 5, '2021');
INSERT INTO `mydb`.`Dim_Waktu` (`idWaktu`, `Hari`, `Tanggal`, `Bulan`, `Tahun`) VALUES (22, 'Senin', 10, 5, '2021');
INSERT INTO `mydb`.`Dim_Waktu` (`idWaktu`, `Hari`, `Tanggal`, `Bulan`, `Tahun`) VALUES (23, 'Selasa', 9, 5, '2021');
INSERT INTO `mydb`.`Dim_Waktu` (`idWaktu`, `Hari`, `Tanggal`, `Bulan`, `Tahun`) VALUES (24, 'Rabu', 8, 5, '2021');
INSERT INTO `mydb`.`Dim_Waktu` (`idWaktu`, `Hari`, `Tanggal`, `Bulan`, `Tahun`) VALUES (25, 'Kamis', 7, 5, '2021');
INSERT INTO `mydb`.`Dim_Waktu` (`idWaktu`, `Hari`, `Tanggal`, `Bulan`, `Tahun`) VALUES (26, 'Jumat', 6, 6, '2021');
INSERT INTO `mydb`.`Dim_Waktu` (`idWaktu`, `Hari`, `Tanggal`, `Bulan`, `Tahun`) VALUES (27, 'Sabtu', 5, 6, '2021');
INSERT INTO `mydb`.`Dim_Waktu` (`idWaktu`, `Hari`, `Tanggal`, `Bulan`, `Tahun`) VALUES (28, 'Minggu', 4, 6, '2021');
INSERT INTO `mydb`.`Dim_Waktu` (`idWaktu`, `Hari`, `Tanggal`, `Bulan`, `Tahun`) VALUES (29, 'Senin', 3, 6, '2021');
INSERT INTO `mydb`.`Dim_Waktu` (`idWaktu`, `Hari`, `Tanggal`, `Bulan`, `Tahun`) VALUES (30, 'Selasa', 2, 6, '2021');
INSERT INTO `mydb`.`Dim_Waktu` (`idWaktu`, `Hari`, `Tanggal`, `Bulan`, `Tahun`) VALUES (31, 'Rabu', 1, 6, '2021');
INSERT INTO `mydb`.`Dim_Waktu` (`idWaktu`, `Hari`, `Tanggal`, `Bulan`, `Tahun`) VALUES (32, 'Kamis', 30, 6, '2021');
INSERT INTO `mydb`.`Dim_Waktu` (`idWaktu`, `Hari`, `Tanggal`, `Bulan`, `Tahun`) VALUES (33, 'Jumat', 29, 7, '2021');
INSERT INTO `mydb`.`Dim_Waktu` (`idWaktu`, `Hari`, `Tanggal`, `Bulan`, `Tahun`) VALUES (34, 'Sabtu', 28, 7, '2021');
INSERT INTO `mydb`.`Dim_Waktu` (`idWaktu`, `Hari`, `Tanggal`, `Bulan`, `Tahun`) VALUES (35, 'Minggu', 27, 7, '2021');
INSERT INTO `mydb`.`Dim_Waktu` (`idWaktu`, `Hari`, `Tanggal`, `Bulan`, `Tahun`) VALUES (36, 'Senin', 26, 7, '2021');
INSERT INTO `mydb`.`Dim_Waktu` (`idWaktu`, `Hari`, `Tanggal`, `Bulan`, `Tahun`) VALUES (37, 'Selasa', 25, 7, '2021');
INSERT INTO `mydb`.`Dim_Waktu` (`idWaktu`, `Hari`, `Tanggal`, `Bulan`, `Tahun`) VALUES (38, 'Rabu', 24, 8, '2021');
INSERT INTO `mydb`.`Dim_Waktu` (`idWaktu`, `Hari`, `Tanggal`, `Bulan`, `Tahun`) VALUES (39, 'Kamis', 23, 8, '2021');
INSERT INTO `mydb`.`Dim_Waktu` (`idWaktu`, `Hari`, `Tanggal`, `Bulan`, `Tahun`) VALUES (40, 'Jumat', 22, 8, '2021');
INSERT INTO `mydb`.`Dim_Waktu` (`idWaktu`, `Hari`, `Tanggal`, `Bulan`, `Tahun`) VALUES (41, 'Sabtu', 21, 8, '2021');
INSERT INTO `mydb`.`Dim_Waktu` (`idWaktu`, `Hari`, `Tanggal`, `Bulan`, `Tahun`) VALUES (42, 'Minggu', 20, 8, '2021');
INSERT INTO `mydb`.`Dim_Waktu` (`idWaktu`, `Hari`, `Tanggal`, `Bulan`, `Tahun`) VALUES (43, 'Senin', 19, 9, '2021');
INSERT INTO `mydb`.`Dim_Waktu` (`idWaktu`, `Hari`, `Tanggal`, `Bulan`, `Tahun`) VALUES (44, 'Selasa', 18, 9, '2021');
INSERT INTO `mydb`.`Dim_Waktu` (`idWaktu`, `Hari`, `Tanggal`, `Bulan`, `Tahun`) VALUES (45, 'Rabu', 17, 9, '2021');
INSERT INTO `mydb`.`Dim_Waktu` (`idWaktu`, `Hari`, `Tanggal`, `Bulan`, `Tahun`) VALUES (46, 'Kamis', 16, 9, '2021');
INSERT INTO `mydb`.`Dim_Waktu` (`idWaktu`, `Hari`, `Tanggal`, `Bulan`, `Tahun`) VALUES (47, 'Jumat', 15, 9, '2021');
INSERT INTO `mydb`.`Dim_Waktu` (`idWaktu`, `Hari`, `Tanggal`, `Bulan`, `Tahun`) VALUES (48, 'Sabtu', 14, 9, '2021');
INSERT INTO `mydb`.`Dim_Waktu` (`idWaktu`, `Hari`, `Tanggal`, `Bulan`, `Tahun`) VALUES (49, 'Minggu', 13, 10, '2021');
INSERT INTO `mydb`.`Dim_Waktu` (`idWaktu`, `Hari`, `Tanggal`, `Bulan`, `Tahun`) VALUES (50, 'Senin', 12, 10, '2021');
INSERT INTO `mydb`.`Dim_Waktu` (`idWaktu`, `Hari`, `Tanggal`, `Bulan`, `Tahun`) VALUES (51, 'Selasa', 11, 10, '2021');
INSERT INTO `mydb`.`Dim_Waktu` (`idWaktu`, `Hari`, `Tanggal`, `Bulan`, `Tahun`) VALUES (52, 'Rabu', 10, 10, '2021');
INSERT INTO `mydb`.`Dim_Waktu` (`idWaktu`, `Hari`, `Tanggal`, `Bulan`, `Tahun`) VALUES (53, 'Kamis', 9, 10, '2021');
INSERT INTO `mydb`.`Dim_Waktu` (`idWaktu`, `Hari`, `Tanggal`, `Bulan`, `Tahun`) VALUES (54, 'Jumat', 8, 10, '2021');
INSERT INTO `mydb`.`Dim_Waktu` (`idWaktu`, `Hari`, `Tanggal`, `Bulan`, `Tahun`) VALUES (55, 'Sabtu', 7, 11, '2021');
INSERT INTO `mydb`.`Dim_Waktu` (`idWaktu`, `Hari`, `Tanggal`, `Bulan`, `Tahun`) VALUES (56, 'Minggu', 6, 11, '2021');
INSERT INTO `mydb`.`Dim_Waktu` (`idWaktu`, `Hari`, `Tanggal`, `Bulan`, `Tahun`) VALUES (57, 'Senin', 5, 11, '2021');
INSERT INTO `mydb`.`Dim_Waktu` (`idWaktu`, `Hari`, `Tanggal`, `Bulan`, `Tahun`) VALUES (58, 'Selasa', 4, 11, '2021');
INSERT INTO `mydb`.`Dim_Waktu` (`idWaktu`, `Hari`, `Tanggal`, `Bulan`, `Tahun`) VALUES (59, 'Rabu', 4, 12, '2021');
INSERT INTO `mydb`.`Dim_Waktu` (`idWaktu`, `Hari`, `Tanggal`, `Bulan`, `Tahun`) VALUES (60, 'Kamis', 3, 12, '2021');
INSERT INTO `mydb`.`Dim_Waktu` (`idWaktu`, `Hari`, `Tanggal`, `Bulan`, `Tahun`) VALUES (61, 'Jumat', 2, 12, '2021');

COMMIT;


-- -----------------------------------------------------
-- Data for table `mydb`.`Dim_Drug`
-- -----------------------------------------------------
START TRANSACTION;
USE `mydb`;
INSERT INTO `mydb`.`Dim_Drug` (`idDrug`, `drugBrandName`, `drugPackageType`, `drugUnitType`) VALUES (1, 'Michelin', 'Satuan', 'Kapsul');
INSERT INTO `mydb`.`Dim_Drug` (`idDrug`, `drugBrandName`, `drugPackageType`, `drugUnitType`) VALUES (2, 'Other', 'Satuan', 'Kaplet');
INSERT INTO `mydb`.`Dim_Drug` (`idDrug`, `drugBrandName`, `drugPackageType`, `drugUnitType`) VALUES (3, 'Wobbler', 'Satuan', 'Tablet');
INSERT INTO `mydb`.`Dim_Drug` (`idDrug`, `drugBrandName`, `drugPackageType`, `drugUnitType`) VALUES (4, 'Non Brand', 'Botol', 'Pil');
INSERT INTO `mydb`.`Dim_Drug` (`idDrug`, `drugBrandName`, `drugPackageType`, `drugUnitType`) VALUES (5, 'Corsa Planeto', 'Kemasan', 'Puyer');
INSERT INTO `mydb`.`Dim_Drug` (`idDrug`, `drugBrandName`, `drugPackageType`, `drugUnitType`) VALUES (6, 'Aspira', 'Sachet', 'Cair');
INSERT INTO `mydb`.`Dim_Drug` (`idDrug`, `drugBrandName`, `drugPackageType`, `drugUnitType`) VALUES (7, 'Massimo', 'Satuan', 'Kapsul');
INSERT INTO `mydb`.`Dim_Drug` (`idDrug`, `drugBrandName`, `drugPackageType`, `drugUnitType`) VALUES (8, 'Yuasa Accu', 'Satuan', 'Kaplet');
INSERT INTO `mydb`.`Dim_Drug` (`idDrug`, `drugBrandName`, `drugPackageType`, `drugUnitType`) VALUES (9, 'Planet Ban', 'Satuan', 'Tablet');
INSERT INTO `mydb`.`Dim_Drug` (`idDrug`, `drugBrandName`, `drugPackageType`, `drugUnitType`) VALUES (10, 'Corsa', 'Botol', 'Pil');
INSERT INTO `mydb`.`Dim_Drug` (`idDrug`, `drugBrandName`, `drugPackageType`, `drugUnitType`) VALUES (11, 'IRC', 'Kemasan', 'Puyer');
INSERT INTO `mydb`.`Dim_Drug` (`idDrug`, `drugBrandName`, `drugPackageType`, `drugUnitType`) VALUES (12, 'Aspira Premio', 'Sachet', 'Cair');
INSERT INTO `mydb`.`Dim_Drug` (`idDrug`, `drugBrandName`, `drugPackageType`, `drugUnitType`) VALUES (13, 'Mitsuboshi', 'Satuan', 'Kapsul');
INSERT INTO `mydb`.`Dim_Drug` (`idDrug`, `drugBrandName`, `drugPackageType`, `drugUnitType`) VALUES (14, 'RCA', 'Satuan', 'Kaplet');
INSERT INTO `mydb`.`Dim_Drug` (`idDrug`, `drugBrandName`, `drugPackageType`, `drugUnitType`) VALUES (15, 'Presa Planeto', 'Satuan', 'Tablet');
INSERT INTO `mydb`.`Dim_Drug` (`idDrug`, `drugBrandName`, `drugPackageType`, `drugUnitType`) VALUES (16, 'Motul', 'Botol', 'Pil');
INSERT INTO `mydb`.`Dim_Drug` (`idDrug`, `drugBrandName`, `drugPackageType`, `drugUnitType`) VALUES (17, 'Sprite', 'Kemasan', 'Puyer');
INSERT INTO `mydb`.`Dim_Drug` (`idDrug`, `drugBrandName`, `drugPackageType`, `drugUnitType`) VALUES (18, 'Ecomax', 'Sachet', 'Cair');

COMMIT;


-- -----------------------------------------------------
-- Data for table `mydb`.`Dim_Location`
-- -----------------------------------------------------
START TRANSACTION;
USE `mydb`;
INSERT INTO `mydb`.`Dim_Location` (`idLocation`, `namaKota`, `namaKabupaten`) VALUES (1, 'Semarang', 'Semarang');
INSERT INTO `mydb`.`Dim_Location` (`idLocation`, `namaKota`, `namaKabupaten`) VALUES (2, 'Yogyakarta', 'Bantul');
INSERT INTO `mydb`.`Dim_Location` (`idLocation`, `namaKota`, `namaKabupaten`) VALUES (3, 'Bantul', 'Bantul');
INSERT INTO `mydb`.`Dim_Location` (`idLocation`, `namaKota`, `namaKabupaten`) VALUES (4, 'Tegal', 'Tegal');
INSERT INTO `mydb`.`Dim_Location` (`idLocation`, `namaKota`, `namaKabupaten`) VALUES (5, 'Majalengka', 'Majalengka');
INSERT INTO `mydb`.`Dim_Location` (`idLocation`, `namaKota`, `namaKabupaten`) VALUES (6, 'Purwakarta', 'Purwakarta');
INSERT INTO `mydb`.`Dim_Location` (`idLocation`, `namaKota`, `namaKabupaten`) VALUES (7, 'Sukabumi', 'Sukabumi');
INSERT INTO `mydb`.`Dim_Location` (`idLocation`, `namaKota`, `namaKabupaten`) VALUES (8, 'Banyumas', 'Banyumas');
INSERT INTO `mydb`.`Dim_Location` (`idLocation`, `namaKota`, `namaKabupaten`) VALUES (9, 'Boyolali', 'Boyolali');
INSERT INTO `mydb`.`Dim_Location` (`idLocation`, `namaKota`, `namaKabupaten`) VALUES (10, 'Brebes', 'Brebes');
INSERT INTO `mydb`.`Dim_Location` (`idLocation`, `namaKota`, `namaKabupaten`) VALUES (11, 'Demak', 'Demak');
INSERT INTO `mydb`.`Dim_Location` (`idLocation`, `namaKota`, `namaKabupaten`) VALUES (12, 'Grobogan', 'Grobogan');
INSERT INTO `mydb`.`Dim_Location` (`idLocation`, `namaKota`, `namaKabupaten`) VALUES (13, 'Jepara', 'Jepara');
INSERT INTO `mydb`.`Dim_Location` (`idLocation`, `namaKota`, `namaKabupaten`) VALUES (14, 'Kebumen', 'Kebumen');
INSERT INTO `mydb`.`Dim_Location` (`idLocation`, `namaKota`, `namaKabupaten`) VALUES (15, 'Klaten', 'Klaten');

COMMIT;


-- -----------------------------------------------------
-- Data for table `mydb`.`Dim_Patient`
-- -----------------------------------------------------
START TRANSACTION;
USE `mydb`;
INSERT INTO `mydb`.`Dim_Patient` (`idPatient`, `patientName`, `patientDateofBirth`, `patientGender`) VALUES (1, 'Edward', '2000-04-16 17:15:10', 'Male');
INSERT INTO `mydb`.`Dim_Patient` (`idPatient`, `patientName`, `patientDateofBirth`, `patientGender`) VALUES (2, 'Evelyn', '2004-12-22 15:17:10', 'Female');
INSERT INTO `mydb`.`Dim_Patient` (`idPatient`, `patientName`, `patientDateofBirth`, `patientGender`) VALUES (3, 'Julianto', '1972-07-17 10:15:17', 'Male');
INSERT INTO `mydb`.`Dim_Patient` (`idPatient`, `patientName`, `patientDateofBirth`, `patientGender`) VALUES (4, 'Viyan', '1975-04-20 10:17:15', 'Female');
INSERT INTO `mydb`.`Dim_Patient` (`idPatient`, `patientName`, `patientDateofBirth`, `patientGender`) VALUES (5, 'Sulistijono', '2001-08-17 17:15:10', 'Male');
INSERT INTO `mydb`.`Dim_Patient` (`idPatient`, `patientName`, `patientDateofBirth`, `patientGender`) VALUES (6, 'Darmawan', '1978-10-28 13:15:18', 'Female');
INSERT INTO `mydb`.`Dim_Patient` (`idPatient`, `patientName`, `patientDateofBirth`, `patientGender`) VALUES (7, 'Hansen', '2001-01-07 12:55:13', 'Male');
INSERT INTO `mydb`.`Dim_Patient` (`idPatient`, `patientName`, `patientDateofBirth`, `patientGender`) VALUES (8, 'Fiona', '2002-04-21 10:20:14', 'Female');
INSERT INTO `mydb`.`Dim_Patient` (`idPatient`, `patientName`, `patientDateofBirth`, `patientGender`) VALUES (9, 'Samuel', '2000-04-16 11:13:12', 'Male');
INSERT INTO `mydb`.`Dim_Patient` (`idPatient`, `patientName`, `patientDateofBirth`, `patientGender`) VALUES (10, 'Vivi', '1980-05-14 16:14:12', 'Female');
INSERT INTO `mydb`.`Dim_Patient` (`idPatient`, `patientName`, `patientDateofBirth`, `patientGender`) VALUES (11, 'Anton', '1973-02-10 07:20:12', 'Male');
INSERT INTO `mydb`.`Dim_Patient` (`idPatient`, `patientName`, `patientDateofBirth`, `patientGender`) VALUES (12, 'Budi', '1974-09-10 20:12:07', 'Male');
INSERT INTO `mydb`.`Dim_Patient` (`idPatient`, `patientName`, `patientDateofBirth`, `patientGender`) VALUES (13, 'Charlie', '1976-11-12 21:25:12', 'Male');
INSERT INTO `mydb`.`Dim_Patient` (`idPatient`, `patientName`, `patientDateofBirth`, `patientGender`) VALUES (14, 'Frank', '1977-12-06 07:20:12', 'Male');
INSERT INTO `mydb`.`Dim_Patient` (`idPatient`, `patientName`, `patientDateofBirth`, `patientGender`) VALUES (15, 'John', '1981-01-08 08:35:16', 'Male');

COMMIT;


-- -----------------------------------------------------
-- Data for table `mydb`.`Dim_Pharmacist`
-- -----------------------------------------------------
START TRANSACTION;
USE `mydb`;
INSERT INTO `mydb`.`Dim_Pharmacist` (`idPharmacist`, `pharmacistName`, `pharmacistLicenseNumber`, `pharmacistAddress`) VALUES (1, 'Clarice Snow', '009080957', 'Jalan A');
INSERT INTO `mydb`.`Dim_Pharmacist` (`idPharmacist`, `pharmacistName`, `pharmacistLicenseNumber`, `pharmacistAddress`) VALUES (2, 'Randy Compton', '8300429', 'Jalan B');
INSERT INTO `mydb`.`Dim_Pharmacist` (`idPharmacist`, `pharmacistName`, `pharmacistLicenseNumber`, `pharmacistAddress`) VALUES (3, 'Clint Morris', 'B659-4878-7493', 'Jalan C');
INSERT INTO `mydb`.`Dim_Pharmacist` (`idPharmacist`, `pharmacistName`, `pharmacistLicenseNumber`, `pharmacistAddress`) VALUES (4, 'Shon Haas', 'K 316 362 213 824', 'Jalan D');
INSERT INTO `mydb`.`Dim_Pharmacist` (`idPharmacist`, `pharmacistName`, `pharmacistLicenseNumber`, `pharmacistAddress`) VALUES (5, 'Janette Mayer', 'H9091203', 'Jalan E');
INSERT INTO `mydb`.`Dim_Pharmacist` (`idPharmacist`, `pharmacistName`, `pharmacistLicenseNumber`, `pharmacistAddress`) VALUES (6, 'Susan Norton', '46027640', 'Jalan F');
INSERT INTO `mydb`.`Dim_Pharmacist` (`idPharmacist`, `pharmacistName`, `pharmacistLicenseNumber`, `pharmacistAddress`) VALUES (7, 'Marcella Mahoney', '14-405-3280', 'Jalan G');
INSERT INTO `mydb`.`Dim_Pharmacist` (`idPharmacist`, `pharmacistName`, `pharmacistLicenseNumber`, `pharmacistAddress`) VALUES (8, 'Randall Barr', '9164330516', 'Jalan H');
INSERT INTO `mydb`.`Dim_Pharmacist` (`idPharmacist`, `pharmacistName`, `pharmacistLicenseNumber`, `pharmacistAddress`) VALUES (9, 'Linda Duncan', 'W384-5878-6334', 'Jalan I');
INSERT INTO `mydb`.`Dim_Pharmacist` (`idPharmacist`, `pharmacistName`, `pharmacistLicenseNumber`, `pharmacistAddress`) VALUES (10, 'Lemuel Zhang', 'P8191 11578 09913', 'Jalan J');
INSERT INTO `mydb`.`Dim_Pharmacist` (`idPharmacist`, `pharmacistName`, `pharmacistLicenseNumber`, `pharmacistAddress`) VALUES (11, 'Malinda Liu', '872517544', 'Jalan K');
INSERT INTO `mydb`.`Dim_Pharmacist` (`idPharmacist`, `pharmacistName`, `pharmacistLicenseNumber`, `pharmacistAddress`) VALUES (12, 'Florentino Bryan', 'K68-22-6471', 'Jalan L');
INSERT INTO `mydb`.`Dim_Pharmacist` (`idPharmacist`, `pharmacistName`, `pharmacistLicenseNumber`, `pharmacistAddress`) VALUES (13, 'Lynn Hendrix', '393 763 809', 'Jalan M');
INSERT INTO `mydb`.`Dim_Pharmacist` (`idPharmacist`, `pharmacistName`, `pharmacistLicenseNumber`, `pharmacistAddress`) VALUES (14, 'Curtis Wyatt', '27-991-9483', 'Jalan N');
INSERT INTO `mydb`.`Dim_Pharmacist` (`idPharmacist`, `pharmacistName`, `pharmacistLicenseNumber`, `pharmacistAddress`) VALUES (15, 'Frederic Bailey', '20572816', 'Jalan O');

COMMIT;


-- -----------------------------------------------------
-- Data for table `mydb`.`Fact_Sales`
-- -----------------------------------------------------
START TRANSACTION;
USE `mydb`;
INSERT INTO `mydb`.`Fact_Sales` (`idTransaction`, `idWaktu`, `idDrug`, `idPatient`, `idLocation`, `idPharmacist`) VALUES (1, 18, 1, 1, 1, 6);
INSERT INTO `mydb`.`Fact_Sales` (`idTransaction`, `idWaktu`, `idDrug`, `idPatient`, `idLocation`, `idPharmacist`) VALUES (2, 19, 1, 1, 1, 6);
INSERT INTO `mydb`.`Fact_Sales` (`idTransaction`, `idWaktu`, `idDrug`, `idPatient`, `idLocation`, `idPharmacist`) VALUES (3, 20, 1, 1, 1, 6);
INSERT INTO `mydb`.`Fact_Sales` (`idTransaction`, `idWaktu`, `idDrug`, `idPatient`, `idLocation`, `idPharmacist`) VALUES (4, 21, 1, 1, 1, 6);
INSERT INTO `mydb`.`Fact_Sales` (`idTransaction`, `idWaktu`, `idDrug`, `idPatient`, `idLocation`, `idPharmacist`) VALUES (5, 22, 1, 1, 1, 6);
INSERT INTO `mydb`.`Fact_Sales` (`idTransaction`, `idWaktu`, `idDrug`, `idPatient`, `idLocation`, `idPharmacist`) VALUES (6, 23, 1, 1, 1, 6);
INSERT INTO `mydb`.`Fact_Sales` (`idTransaction`, `idWaktu`, `idDrug`, `idPatient`, `idLocation`, `idPharmacist`) VALUES (7, 24, 1, 1, 1, 6);
INSERT INTO `mydb`.`Fact_Sales` (`idTransaction`, `idWaktu`, `idDrug`, `idPatient`, `idLocation`, `idPharmacist`) VALUES (8, 25, 1, 1, 1, 6);
INSERT INTO `mydb`.`Fact_Sales` (`idTransaction`, `idWaktu`, `idDrug`, `idPatient`, `idLocation`, `idPharmacist`) VALUES (9, 18, 1, 1, 1, 6);
INSERT INTO `mydb`.`Fact_Sales` (`idTransaction`, `idWaktu`, `idDrug`, `idPatient`, `idLocation`, `idPharmacist`) VALUES (10, 19, 1, 1, 1, 6);
INSERT INTO `mydb`.`Fact_Sales` (`idTransaction`, `idWaktu`, `idDrug`, `idPatient`, `idLocation`, `idPharmacist`) VALUES (11, 20, 1, 1, 1, 6);
INSERT INTO `mydb`.`Fact_Sales` (`idTransaction`, `idWaktu`, `idDrug`, `idPatient`, `idLocation`, `idPharmacist`) VALUES (12, 21, 1, 1, 1, 6);
INSERT INTO `mydb`.`Fact_Sales` (`idTransaction`, `idWaktu`, `idDrug`, `idPatient`, `idLocation`, `idPharmacist`) VALUES (13, 22, 1, 1, 1, 6);
INSERT INTO `mydb`.`Fact_Sales` (`idTransaction`, `idWaktu`, `idDrug`, `idPatient`, `idLocation`, `idPharmacist`) VALUES (14, 23, 1, 1, 1, 6);
INSERT INTO `mydb`.`Fact_Sales` (`idTransaction`, `idWaktu`, `idDrug`, `idPatient`, `idLocation`, `idPharmacist`) VALUES (15, 24, 1, 1, 1, 6);
INSERT INTO `mydb`.`Fact_Sales` (`idTransaction`, `idWaktu`, `idDrug`, `idPatient`, `idLocation`, `idPharmacist`) VALUES (16, 25, 1, 1, 1, 6);
INSERT INTO `mydb`.`Fact_Sales` (`idTransaction`, `idWaktu`, `idDrug`, `idPatient`, `idLocation`, `idPharmacist`) VALUES (17, 18, 1, 1, 1, 6);
INSERT INTO `mydb`.`Fact_Sales` (`idTransaction`, `idWaktu`, `idDrug`, `idPatient`, `idLocation`, `idPharmacist`) VALUES (18, 19, 1, 1, 1, 6);
INSERT INTO `mydb`.`Fact_Sales` (`idTransaction`, `idWaktu`, `idDrug`, `idPatient`, `idLocation`, `idPharmacist`) VALUES (19, 20, 1, 1, 1, 6);
INSERT INTO `mydb`.`Fact_Sales` (`idTransaction`, `idWaktu`, `idDrug`, `idPatient`, `idLocation`, `idPharmacist`) VALUES (20, 21, 1, 1, 1, 6);
INSERT INTO `mydb`.`Fact_Sales` (`idTransaction`, `idWaktu`, `idDrug`, `idPatient`, `idLocation`, `idPharmacist`) VALUES (21, 22, 1, 1, 1, 6);
INSERT INTO `mydb`.`Fact_Sales` (`idTransaction`, `idWaktu`, `idDrug`, `idPatient`, `idLocation`, `idPharmacist`) VALUES (22, 23, 1, 1, 1, 6);
INSERT INTO `mydb`.`Fact_Sales` (`idTransaction`, `idWaktu`, `idDrug`, `idPatient`, `idLocation`, `idPharmacist`) VALUES (23, 24, 1, 1, 1, 6);
INSERT INTO `mydb`.`Fact_Sales` (`idTransaction`, `idWaktu`, `idDrug`, `idPatient`, `idLocation`, `idPharmacist`) VALUES (24, 25, 1, 1, 1, 6);
INSERT INTO `mydb`.`Fact_Sales` (`idTransaction`, `idWaktu`, `idDrug`, `idPatient`, `idLocation`, `idPharmacist`) VALUES (25, 18, 1, 1, 1, 6);
INSERT INTO `mydb`.`Fact_Sales` (`idTransaction`, `idWaktu`, `idDrug`, `idPatient`, `idLocation`, `idPharmacist`) VALUES (26, 19, 1, 1, 1, 6);
INSERT INTO `mydb`.`Fact_Sales` (`idTransaction`, `idWaktu`, `idDrug`, `idPatient`, `idLocation`, `idPharmacist`) VALUES (27, 20, 1, 1, 1, 6);
INSERT INTO `mydb`.`Fact_Sales` (`idTransaction`, `idWaktu`, `idDrug`, `idPatient`, `idLocation`, `idPharmacist`) VALUES (28, 21, 1, 1, 1, 6);
INSERT INTO `mydb`.`Fact_Sales` (`idTransaction`, `idWaktu`, `idDrug`, `idPatient`, `idLocation`, `idPharmacist`) VALUES (29, 22, 1, 1, 1, 6);
INSERT INTO `mydb`.`Fact_Sales` (`idTransaction`, `idWaktu`, `idDrug`, `idPatient`, `idLocation`, `idPharmacist`) VALUES (30, 23, 1, 1, 1, 6);
INSERT INTO `mydb`.`Fact_Sales` (`idTransaction`, `idWaktu`, `idDrug`, `idPatient`, `idLocation`, `idPharmacist`) VALUES (31, 24, 1, 1, 1, 6);
INSERT INTO `mydb`.`Fact_Sales` (`idTransaction`, `idWaktu`, `idDrug`, `idPatient`, `idLocation`, `idPharmacist`) VALUES (32, 25, 1, 1, 1, 6);
INSERT INTO `mydb`.`Fact_Sales` (`idTransaction`, `idWaktu`, `idDrug`, `idPatient`, `idLocation`, `idPharmacist`) VALUES (33, 18, 1, 1, 1, 6);
INSERT INTO `mydb`.`Fact_Sales` (`idTransaction`, `idWaktu`, `idDrug`, `idPatient`, `idLocation`, `idPharmacist`) VALUES (34, 19, 1, 1, 1, 6);
INSERT INTO `mydb`.`Fact_Sales` (`idTransaction`, `idWaktu`, `idDrug`, `idPatient`, `idLocation`, `idPharmacist`) VALUES (35, 20, 1, 1, 1, 6);
INSERT INTO `mydb`.`Fact_Sales` (`idTransaction`, `idWaktu`, `idDrug`, `idPatient`, `idLocation`, `idPharmacist`) VALUES (36, 21, 1, 1, 1, 6);
INSERT INTO `mydb`.`Fact_Sales` (`idTransaction`, `idWaktu`, `idDrug`, `idPatient`, `idLocation`, `idPharmacist`) VALUES (37, 22, 1, 1, 1, 6);
INSERT INTO `mydb`.`Fact_Sales` (`idTransaction`, `idWaktu`, `idDrug`, `idPatient`, `idLocation`, `idPharmacist`) VALUES (38, 23, 1, 1, 1, 6);
INSERT INTO `mydb`.`Fact_Sales` (`idTransaction`, `idWaktu`, `idDrug`, `idPatient`, `idLocation`, `idPharmacist`) VALUES (39, 24, 1, 1, 1, 6);
INSERT INTO `mydb`.`Fact_Sales` (`idTransaction`, `idWaktu`, `idDrug`, `idPatient`, `idLocation`, `idPharmacist`) VALUES (40, 25, 1, 1, 1, 6);
INSERT INTO `mydb`.`Fact_Sales` (`idTransaction`, `idWaktu`, `idDrug`, `idPatient`, `idLocation`, `idPharmacist`) VALUES (41, 18, 1, 1, 1, 6);
INSERT INTO `mydb`.`Fact_Sales` (`idTransaction`, `idWaktu`, `idDrug`, `idPatient`, `idLocation`, `idPharmacist`) VALUES (42, 19, 1, 1, 1, 6);
INSERT INTO `mydb`.`Fact_Sales` (`idTransaction`, `idWaktu`, `idDrug`, `idPatient`, `idLocation`, `idPharmacist`) VALUES (43, 20, 1, 1, 1, 6);
INSERT INTO `mydb`.`Fact_Sales` (`idTransaction`, `idWaktu`, `idDrug`, `idPatient`, `idLocation`, `idPharmacist`) VALUES (44, 21, 1, 1, 1, 6);
INSERT INTO `mydb`.`Fact_Sales` (`idTransaction`, `idWaktu`, `idDrug`, `idPatient`, `idLocation`, `idPharmacist`) VALUES (45, 22, 1, 1, 1, 6);
INSERT INTO `mydb`.`Fact_Sales` (`idTransaction`, `idWaktu`, `idDrug`, `idPatient`, `idLocation`, `idPharmacist`) VALUES (46, 23, 1, 1, 1, 6);
INSERT INTO `mydb`.`Fact_Sales` (`idTransaction`, `idWaktu`, `idDrug`, `idPatient`, `idLocation`, `idPharmacist`) VALUES (47, 24, 1, 1, 1, 6);
INSERT INTO `mydb`.`Fact_Sales` (`idTransaction`, `idWaktu`, `idDrug`, `idPatient`, `idLocation`, `idPharmacist`) VALUES (48, 25, 1, 1, 1, 6);
INSERT INTO `mydb`.`Fact_Sales` (`idTransaction`, `idWaktu`, `idDrug`, `idPatient`, `idLocation`, `idPharmacist`) VALUES (49, 18, 1, 1, 1, 6);
INSERT INTO `mydb`.`Fact_Sales` (`idTransaction`, `idWaktu`, `idDrug`, `idPatient`, `idLocation`, `idPharmacist`) VALUES (50, 19, 1, 1, 1, 6);
INSERT INTO `mydb`.`Fact_Sales` (`idTransaction`, `idWaktu`, `idDrug`, `idPatient`, `idLocation`, `idPharmacist`) VALUES (51, 20, 1, 15, 1, 5);
INSERT INTO `mydb`.`Fact_Sales` (`idTransaction`, `idWaktu`, `idDrug`, `idPatient`, `idLocation`, `idPharmacist`) VALUES (52, 21, 1, 15, 1, 5);
INSERT INTO `mydb`.`Fact_Sales` (`idTransaction`, `idWaktu`, `idDrug`, `idPatient`, `idLocation`, `idPharmacist`) VALUES (53, 22, 1, 15, 1, 5);
INSERT INTO `mydb`.`Fact_Sales` (`idTransaction`, `idWaktu`, `idDrug`, `idPatient`, `idLocation`, `idPharmacist`) VALUES (54, 23, 1, 15, 1, 5);
INSERT INTO `mydb`.`Fact_Sales` (`idTransaction`, `idWaktu`, `idDrug`, `idPatient`, `idLocation`, `idPharmacist`) VALUES (55, 24, 1, 15, 1, 5);
INSERT INTO `mydb`.`Fact_Sales` (`idTransaction`, `idWaktu`, `idDrug`, `idPatient`, `idLocation`, `idPharmacist`) VALUES (56, 25, 1, 15, 1, 5);
INSERT INTO `mydb`.`Fact_Sales` (`idTransaction`, `idWaktu`, `idDrug`, `idPatient`, `idLocation`, `idPharmacist`) VALUES (57, 18, 1, 15, 1, 5);
INSERT INTO `mydb`.`Fact_Sales` (`idTransaction`, `idWaktu`, `idDrug`, `idPatient`, `idLocation`, `idPharmacist`) VALUES (58, 19, 1, 15, 1, 5);
INSERT INTO `mydb`.`Fact_Sales` (`idTransaction`, `idWaktu`, `idDrug`, `idPatient`, `idLocation`, `idPharmacist`) VALUES (59, 20, 1, 15, 1, 5);
INSERT INTO `mydb`.`Fact_Sales` (`idTransaction`, `idWaktu`, `idDrug`, `idPatient`, `idLocation`, `idPharmacist`) VALUES (60, 21, 1, 15, 1, 5);
INSERT INTO `mydb`.`Fact_Sales` (`idTransaction`, `idWaktu`, `idDrug`, `idPatient`, `idLocation`, `idPharmacist`) VALUES (61, 22, 1, 15, 1, 5);
INSERT INTO `mydb`.`Fact_Sales` (`idTransaction`, `idWaktu`, `idDrug`, `idPatient`, `idLocation`, `idPharmacist`) VALUES (62, 23, 1, 15, 1, 5);
INSERT INTO `mydb`.`Fact_Sales` (`idTransaction`, `idWaktu`, `idDrug`, `idPatient`, `idLocation`, `idPharmacist`) VALUES (63, 24, 1, 15, 1, 5);
INSERT INTO `mydb`.`Fact_Sales` (`idTransaction`, `idWaktu`, `idDrug`, `idPatient`, `idLocation`, `idPharmacist`) VALUES (64, 25, 1, 15, 1, 5);
INSERT INTO `mydb`.`Fact_Sales` (`idTransaction`, `idWaktu`, `idDrug`, `idPatient`, `idLocation`, `idPharmacist`) VALUES (65, 18, 1, 15, 1, 5);
INSERT INTO `mydb`.`Fact_Sales` (`idTransaction`, `idWaktu`, `idDrug`, `idPatient`, `idLocation`, `idPharmacist`) VALUES (66, 19, 1, 15, 1, 5);
INSERT INTO `mydb`.`Fact_Sales` (`idTransaction`, `idWaktu`, `idDrug`, `idPatient`, `idLocation`, `idPharmacist`) VALUES (67, 20, 1, 15, 1, 5);
INSERT INTO `mydb`.`Fact_Sales` (`idTransaction`, `idWaktu`, `idDrug`, `idPatient`, `idLocation`, `idPharmacist`) VALUES (68, 21, 1, 15, 1, 5);
INSERT INTO `mydb`.`Fact_Sales` (`idTransaction`, `idWaktu`, `idDrug`, `idPatient`, `idLocation`, `idPharmacist`) VALUES (69, 22, 1, 15, 1, 5);
INSERT INTO `mydb`.`Fact_Sales` (`idTransaction`, `idWaktu`, `idDrug`, `idPatient`, `idLocation`, `idPharmacist`) VALUES (70, 23, 1, 15, 1, 5);
INSERT INTO `mydb`.`Fact_Sales` (`idTransaction`, `idWaktu`, `idDrug`, `idPatient`, `idLocation`, `idPharmacist`) VALUES (71, 24, 1, 15, 1, 5);
INSERT INTO `mydb`.`Fact_Sales` (`idTransaction`, `idWaktu`, `idDrug`, `idPatient`, `idLocation`, `idPharmacist`) VALUES (72, 25, 1, 15, 1, 5);
INSERT INTO `mydb`.`Fact_Sales` (`idTransaction`, `idWaktu`, `idDrug`, `idPatient`, `idLocation`, `idPharmacist`) VALUES (73, 18, 1, 15, 1, 5);
INSERT INTO `mydb`.`Fact_Sales` (`idTransaction`, `idWaktu`, `idDrug`, `idPatient`, `idLocation`, `idPharmacist`) VALUES (74, 19, 1, 15, 1, 5);
INSERT INTO `mydb`.`Fact_Sales` (`idTransaction`, `idWaktu`, `idDrug`, `idPatient`, `idLocation`, `idPharmacist`) VALUES (75, 20, 1, 15, 1, 5);
INSERT INTO `mydb`.`Fact_Sales` (`idTransaction`, `idWaktu`, `idDrug`, `idPatient`, `idLocation`, `idPharmacist`) VALUES (76, 21, 1, 15, 1, 5);
INSERT INTO `mydb`.`Fact_Sales` (`idTransaction`, `idWaktu`, `idDrug`, `idPatient`, `idLocation`, `idPharmacist`) VALUES (77, 22, 1, 15, 1, 5);
INSERT INTO `mydb`.`Fact_Sales` (`idTransaction`, `idWaktu`, `idDrug`, `idPatient`, `idLocation`, `idPharmacist`) VALUES (78, 23, 1, 15, 1, 5);
INSERT INTO `mydb`.`Fact_Sales` (`idTransaction`, `idWaktu`, `idDrug`, `idPatient`, `idLocation`, `idPharmacist`) VALUES (79, 24, 1, 15, 1, 5);
INSERT INTO `mydb`.`Fact_Sales` (`idTransaction`, `idWaktu`, `idDrug`, `idPatient`, `idLocation`, `idPharmacist`) VALUES (80, 25, 1, 15, 1, 5);
INSERT INTO `mydb`.`Fact_Sales` (`idTransaction`, `idWaktu`, `idDrug`, `idPatient`, `idLocation`, `idPharmacist`) VALUES (81, 18, 1, 15, 1, 5);
INSERT INTO `mydb`.`Fact_Sales` (`idTransaction`, `idWaktu`, `idDrug`, `idPatient`, `idLocation`, `idPharmacist`) VALUES (82, 19, 1, 15, 1, 5);
INSERT INTO `mydb`.`Fact_Sales` (`idTransaction`, `idWaktu`, `idDrug`, `idPatient`, `idLocation`, `idPharmacist`) VALUES (83, 20, 1, 15, 1, 5);
INSERT INTO `mydb`.`Fact_Sales` (`idTransaction`, `idWaktu`, `idDrug`, `idPatient`, `idLocation`, `idPharmacist`) VALUES (84, 21, 1, 15, 1, 5);
INSERT INTO `mydb`.`Fact_Sales` (`idTransaction`, `idWaktu`, `idDrug`, `idPatient`, `idLocation`, `idPharmacist`) VALUES (85, 22, 1, 15, 1, 5);
INSERT INTO `mydb`.`Fact_Sales` (`idTransaction`, `idWaktu`, `idDrug`, `idPatient`, `idLocation`, `idPharmacist`) VALUES (86, 23, 1, 15, 1, 5);
INSERT INTO `mydb`.`Fact_Sales` (`idTransaction`, `idWaktu`, `idDrug`, `idPatient`, `idLocation`, `idPharmacist`) VALUES (87, 24, 1, 15, 1, 5);
INSERT INTO `mydb`.`Fact_Sales` (`idTransaction`, `idWaktu`, `idDrug`, `idPatient`, `idLocation`, `idPharmacist`) VALUES (88, 25, 1, 15, 1, 5);
INSERT INTO `mydb`.`Fact_Sales` (`idTransaction`, `idWaktu`, `idDrug`, `idPatient`, `idLocation`, `idPharmacist`) VALUES (89, 18, 1, 15, 1, 5);
INSERT INTO `mydb`.`Fact_Sales` (`idTransaction`, `idWaktu`, `idDrug`, `idPatient`, `idLocation`, `idPharmacist`) VALUES (90, 19, 1, 15, 1, 5);
INSERT INTO `mydb`.`Fact_Sales` (`idTransaction`, `idWaktu`, `idDrug`, `idPatient`, `idLocation`, `idPharmacist`) VALUES (91, 20, 1, 15, 1, 5);
INSERT INTO `mydb`.`Fact_Sales` (`idTransaction`, `idWaktu`, `idDrug`, `idPatient`, `idLocation`, `idPharmacist`) VALUES (92, 21, 1, 15, 1, 5);
INSERT INTO `mydb`.`Fact_Sales` (`idTransaction`, `idWaktu`, `idDrug`, `idPatient`, `idLocation`, `idPharmacist`) VALUES (93, 22, 1, 15, 1, 5);
INSERT INTO `mydb`.`Fact_Sales` (`idTransaction`, `idWaktu`, `idDrug`, `idPatient`, `idLocation`, `idPharmacist`) VALUES (94, 23, 1, 15, 1, 5);
INSERT INTO `mydb`.`Fact_Sales` (`idTransaction`, `idWaktu`, `idDrug`, `idPatient`, `idLocation`, `idPharmacist`) VALUES (95, 24, 1, 15, 1, 5);
INSERT INTO `mydb`.`Fact_Sales` (`idTransaction`, `idWaktu`, `idDrug`, `idPatient`, `idLocation`, `idPharmacist`) VALUES (96, 25, 1, 15, 1, 5);
INSERT INTO `mydb`.`Fact_Sales` (`idTransaction`, `idWaktu`, `idDrug`, `idPatient`, `idLocation`, `idPharmacist`) VALUES (97, 18, 1, 15, 1, 5);
INSERT INTO `mydb`.`Fact_Sales` (`idTransaction`, `idWaktu`, `idDrug`, `idPatient`, `idLocation`, `idPharmacist`) VALUES (98, 19, 1, 15, 1, 5);
INSERT INTO `mydb`.`Fact_Sales` (`idTransaction`, `idWaktu`, `idDrug`, `idPatient`, `idLocation`, `idPharmacist`) VALUES (99, 20, 1, 15, 1, 5);
INSERT INTO `mydb`.`Fact_Sales` (`idTransaction`, `idWaktu`, `idDrug`, `idPatient`, `idLocation`, `idPharmacist`) VALUES (100, 21, 1, 15, 1, 5);
INSERT INTO `mydb`.`Fact_Sales` (`idTransaction`, `idWaktu`, `idDrug`, `idPatient`, `idLocation`, `idPharmacist`) VALUES (101, 22, 1, 3, 1, 10);
INSERT INTO `mydb`.`Fact_Sales` (`idTransaction`, `idWaktu`, `idDrug`, `idPatient`, `idLocation`, `idPharmacist`) VALUES (102, 23, 1, 3, 1, 10);
INSERT INTO `mydb`.`Fact_Sales` (`idTransaction`, `idWaktu`, `idDrug`, `idPatient`, `idLocation`, `idPharmacist`) VALUES (103, 24, 1, 3, 1, 10);
INSERT INTO `mydb`.`Fact_Sales` (`idTransaction`, `idWaktu`, `idDrug`, `idPatient`, `idLocation`, `idPharmacist`) VALUES (104, 25, 1, 3, 1, 10);
INSERT INTO `mydb`.`Fact_Sales` (`idTransaction`, `idWaktu`, `idDrug`, `idPatient`, `idLocation`, `idPharmacist`) VALUES (105, 18, 1, 3, 1, 10);
INSERT INTO `mydb`.`Fact_Sales` (`idTransaction`, `idWaktu`, `idDrug`, `idPatient`, `idLocation`, `idPharmacist`) VALUES (106, 19, 1, 3, 1, 10);
INSERT INTO `mydb`.`Fact_Sales` (`idTransaction`, `idWaktu`, `idDrug`, `idPatient`, `idLocation`, `idPharmacist`) VALUES (107, 20, 1, 3, 1, 10);
INSERT INTO `mydb`.`Fact_Sales` (`idTransaction`, `idWaktu`, `idDrug`, `idPatient`, `idLocation`, `idPharmacist`) VALUES (108, 21, 1, 3, 1, 10);
INSERT INTO `mydb`.`Fact_Sales` (`idTransaction`, `idWaktu`, `idDrug`, `idPatient`, `idLocation`, `idPharmacist`) VALUES (109, 22, 1, 3, 1, 10);
INSERT INTO `mydb`.`Fact_Sales` (`idTransaction`, `idWaktu`, `idDrug`, `idPatient`, `idLocation`, `idPharmacist`) VALUES (110, 23, 1, 3, 1, 10);
INSERT INTO `mydb`.`Fact_Sales` (`idTransaction`, `idWaktu`, `idDrug`, `idPatient`, `idLocation`, `idPharmacist`) VALUES (111, 24, 1, 3, 1, 10);
INSERT INTO `mydb`.`Fact_Sales` (`idTransaction`, `idWaktu`, `idDrug`, `idPatient`, `idLocation`, `idPharmacist`) VALUES (112, 25, 1, 3, 1, 10);
INSERT INTO `mydb`.`Fact_Sales` (`idTransaction`, `idWaktu`, `idDrug`, `idPatient`, `idLocation`, `idPharmacist`) VALUES (113, 18, 1, 3, 1, 10);
INSERT INTO `mydb`.`Fact_Sales` (`idTransaction`, `idWaktu`, `idDrug`, `idPatient`, `idLocation`, `idPharmacist`) VALUES (114, 19, 1, 3, 1, 10);
INSERT INTO `mydb`.`Fact_Sales` (`idTransaction`, `idWaktu`, `idDrug`, `idPatient`, `idLocation`, `idPharmacist`) VALUES (115, 20, 1, 3, 1, 10);
INSERT INTO `mydb`.`Fact_Sales` (`idTransaction`, `idWaktu`, `idDrug`, `idPatient`, `idLocation`, `idPharmacist`) VALUES (116, 21, 1, 3, 1, 10);
INSERT INTO `mydb`.`Fact_Sales` (`idTransaction`, `idWaktu`, `idDrug`, `idPatient`, `idLocation`, `idPharmacist`) VALUES (117, 22, 1, 3, 1, 10);
INSERT INTO `mydb`.`Fact_Sales` (`idTransaction`, `idWaktu`, `idDrug`, `idPatient`, `idLocation`, `idPharmacist`) VALUES (118, 23, 1, 3, 1, 10);
INSERT INTO `mydb`.`Fact_Sales` (`idTransaction`, `idWaktu`, `idDrug`, `idPatient`, `idLocation`, `idPharmacist`) VALUES (119, 24, 1, 3, 1, 10);
INSERT INTO `mydb`.`Fact_Sales` (`idTransaction`, `idWaktu`, `idDrug`, `idPatient`, `idLocation`, `idPharmacist`) VALUES (120, 25, 1, 3, 1, 10);
INSERT INTO `mydb`.`Fact_Sales` (`idTransaction`, `idWaktu`, `idDrug`, `idPatient`, `idLocation`, `idPharmacist`) VALUES (121, 18, 1, 3, 1, 10);
INSERT INTO `mydb`.`Fact_Sales` (`idTransaction`, `idWaktu`, `idDrug`, `idPatient`, `idLocation`, `idPharmacist`) VALUES (122, 19, 1, 3, 1, 10);
INSERT INTO `mydb`.`Fact_Sales` (`idTransaction`, `idWaktu`, `idDrug`, `idPatient`, `idLocation`, `idPharmacist`) VALUES (123, 20, 1, 3, 1, 10);
INSERT INTO `mydb`.`Fact_Sales` (`idTransaction`, `idWaktu`, `idDrug`, `idPatient`, `idLocation`, `idPharmacist`) VALUES (124, 21, 1, 3, 1, 10);
INSERT INTO `mydb`.`Fact_Sales` (`idTransaction`, `idWaktu`, `idDrug`, `idPatient`, `idLocation`, `idPharmacist`) VALUES (125, 22, 1, 3, 1, 10);
INSERT INTO `mydb`.`Fact_Sales` (`idTransaction`, `idWaktu`, `idDrug`, `idPatient`, `idLocation`, `idPharmacist`) VALUES (126, 23, 1, 3, 1, 10);
INSERT INTO `mydb`.`Fact_Sales` (`idTransaction`, `idWaktu`, `idDrug`, `idPatient`, `idLocation`, `idPharmacist`) VALUES (127, 24, 1, 3, 1, 10);
INSERT INTO `mydb`.`Fact_Sales` (`idTransaction`, `idWaktu`, `idDrug`, `idPatient`, `idLocation`, `idPharmacist`) VALUES (128, 25, 1, 3, 1, 10);
INSERT INTO `mydb`.`Fact_Sales` (`idTransaction`, `idWaktu`, `idDrug`, `idPatient`, `idLocation`, `idPharmacist`) VALUES (129, 18, 1, 3, 1, 10);
INSERT INTO `mydb`.`Fact_Sales` (`idTransaction`, `idWaktu`, `idDrug`, `idPatient`, `idLocation`, `idPharmacist`) VALUES (130, 19, 1, 3, 1, 10);
INSERT INTO `mydb`.`Fact_Sales` (`idTransaction`, `idWaktu`, `idDrug`, `idPatient`, `idLocation`, `idPharmacist`) VALUES (131, 20, 1, 3, 1, 10);
INSERT INTO `mydb`.`Fact_Sales` (`idTransaction`, `idWaktu`, `idDrug`, `idPatient`, `idLocation`, `idPharmacist`) VALUES (132, 21, 1, 3, 1, 10);
INSERT INTO `mydb`.`Fact_Sales` (`idTransaction`, `idWaktu`, `idDrug`, `idPatient`, `idLocation`, `idPharmacist`) VALUES (133, 22, 1, 3, 1, 10);
INSERT INTO `mydb`.`Fact_Sales` (`idTransaction`, `idWaktu`, `idDrug`, `idPatient`, `idLocation`, `idPharmacist`) VALUES (134, 23, 1, 3, 1, 10);
INSERT INTO `mydb`.`Fact_Sales` (`idTransaction`, `idWaktu`, `idDrug`, `idPatient`, `idLocation`, `idPharmacist`) VALUES (135, 24, 1, 3, 1, 10);
INSERT INTO `mydb`.`Fact_Sales` (`idTransaction`, `idWaktu`, `idDrug`, `idPatient`, `idLocation`, `idPharmacist`) VALUES (136, 25, 1, 3, 1, 10);
INSERT INTO `mydb`.`Fact_Sales` (`idTransaction`, `idWaktu`, `idDrug`, `idPatient`, `idLocation`, `idPharmacist`) VALUES (137, 18, 1, 3, 1, 10);
INSERT INTO `mydb`.`Fact_Sales` (`idTransaction`, `idWaktu`, `idDrug`, `idPatient`, `idLocation`, `idPharmacist`) VALUES (138, 19, 1, 3, 1, 10);
INSERT INTO `mydb`.`Fact_Sales` (`idTransaction`, `idWaktu`, `idDrug`, `idPatient`, `idLocation`, `idPharmacist`) VALUES (139, 20, 1, 3, 1, 10);
INSERT INTO `mydb`.`Fact_Sales` (`idTransaction`, `idWaktu`, `idDrug`, `idPatient`, `idLocation`, `idPharmacist`) VALUES (140, 21, 1, 3, 1, 10);
INSERT INTO `mydb`.`Fact_Sales` (`idTransaction`, `idWaktu`, `idDrug`, `idPatient`, `idLocation`, `idPharmacist`) VALUES (141, 22, 1, 3, 1, 10);
INSERT INTO `mydb`.`Fact_Sales` (`idTransaction`, `idWaktu`, `idDrug`, `idPatient`, `idLocation`, `idPharmacist`) VALUES (142, 23, 1, 3, 1, 10);
INSERT INTO `mydb`.`Fact_Sales` (`idTransaction`, `idWaktu`, `idDrug`, `idPatient`, `idLocation`, `idPharmacist`) VALUES (143, 24, 1, 3, 1, 10);
INSERT INTO `mydb`.`Fact_Sales` (`idTransaction`, `idWaktu`, `idDrug`, `idPatient`, `idLocation`, `idPharmacist`) VALUES (144, 25, 1, 3, 1, 10);
INSERT INTO `mydb`.`Fact_Sales` (`idTransaction`, `idWaktu`, `idDrug`, `idPatient`, `idLocation`, `idPharmacist`) VALUES (145, 18, 1, 3, 1, 10);
INSERT INTO `mydb`.`Fact_Sales` (`idTransaction`, `idWaktu`, `idDrug`, `idPatient`, `idLocation`, `idPharmacist`) VALUES (146, 19, 1, 3, 1, 10);
INSERT INTO `mydb`.`Fact_Sales` (`idTransaction`, `idWaktu`, `idDrug`, `idPatient`, `idLocation`, `idPharmacist`) VALUES (147, 20, 1, 3, 1, 10);
INSERT INTO `mydb`.`Fact_Sales` (`idTransaction`, `idWaktu`, `idDrug`, `idPatient`, `idLocation`, `idPharmacist`) VALUES (148, 21, 1, 3, 1, 10);
INSERT INTO `mydb`.`Fact_Sales` (`idTransaction`, `idWaktu`, `idDrug`, `idPatient`, `idLocation`, `idPharmacist`) VALUES (149, 22, 1, 3, 1, 10);
INSERT INTO `mydb`.`Fact_Sales` (`idTransaction`, `idWaktu`, `idDrug`, `idPatient`, `idLocation`, `idPharmacist`) VALUES (150, 23, 1, 3, 1, 10);
INSERT INTO `mydb`.`Fact_Sales` (`idTransaction`, `idWaktu`, `idDrug`, `idPatient`, `idLocation`, `idPharmacist`) VALUES (151, 24, 1, 3, 1, 4);
INSERT INTO `mydb`.`Fact_Sales` (`idTransaction`, `idWaktu`, `idDrug`, `idPatient`, `idLocation`, `idPharmacist`) VALUES (152, 25, 1, 3, 1, 4);
INSERT INTO `mydb`.`Fact_Sales` (`idTransaction`, `idWaktu`, `idDrug`, `idPatient`, `idLocation`, `idPharmacist`) VALUES (153, 18, 1, 3, 1, 4);
INSERT INTO `mydb`.`Fact_Sales` (`idTransaction`, `idWaktu`, `idDrug`, `idPatient`, `idLocation`, `idPharmacist`) VALUES (154, 19, 1, 3, 1, 4);
INSERT INTO `mydb`.`Fact_Sales` (`idTransaction`, `idWaktu`, `idDrug`, `idPatient`, `idLocation`, `idPharmacist`) VALUES (155, 20, 1, 3, 1, 4);
INSERT INTO `mydb`.`Fact_Sales` (`idTransaction`, `idWaktu`, `idDrug`, `idPatient`, `idLocation`, `idPharmacist`) VALUES (156, 21, 1, 3, 1, 4);
INSERT INTO `mydb`.`Fact_Sales` (`idTransaction`, `idWaktu`, `idDrug`, `idPatient`, `idLocation`, `idPharmacist`) VALUES (157, 22, 1, 3, 1, 4);
INSERT INTO `mydb`.`Fact_Sales` (`idTransaction`, `idWaktu`, `idDrug`, `idPatient`, `idLocation`, `idPharmacist`) VALUES (158, 23, 1, 3, 1, 4);
INSERT INTO `mydb`.`Fact_Sales` (`idTransaction`, `idWaktu`, `idDrug`, `idPatient`, `idLocation`, `idPharmacist`) VALUES (159, 24, 1, 3, 1, 4);
INSERT INTO `mydb`.`Fact_Sales` (`idTransaction`, `idWaktu`, `idDrug`, `idPatient`, `idLocation`, `idPharmacist`) VALUES (160, 25, 1, 3, 1, 4);
INSERT INTO `mydb`.`Fact_Sales` (`idTransaction`, `idWaktu`, `idDrug`, `idPatient`, `idLocation`, `idPharmacist`) VALUES (161, 18, 1, 3, 1, 4);
INSERT INTO `mydb`.`Fact_Sales` (`idTransaction`, `idWaktu`, `idDrug`, `idPatient`, `idLocation`, `idPharmacist`) VALUES (162, 19, 1, 3, 1, 4);
INSERT INTO `mydb`.`Fact_Sales` (`idTransaction`, `idWaktu`, `idDrug`, `idPatient`, `idLocation`, `idPharmacist`) VALUES (163, 20, 1, 3, 1, 4);
INSERT INTO `mydb`.`Fact_Sales` (`idTransaction`, `idWaktu`, `idDrug`, `idPatient`, `idLocation`, `idPharmacist`) VALUES (164, 21, 1, 3, 1, 4);
INSERT INTO `mydb`.`Fact_Sales` (`idTransaction`, `idWaktu`, `idDrug`, `idPatient`, `idLocation`, `idPharmacist`) VALUES (165, 22, 1, 3, 1, 4);
INSERT INTO `mydb`.`Fact_Sales` (`idTransaction`, `idWaktu`, `idDrug`, `idPatient`, `idLocation`, `idPharmacist`) VALUES (166, 23, 1, 3, 1, 4);
INSERT INTO `mydb`.`Fact_Sales` (`idTransaction`, `idWaktu`, `idDrug`, `idPatient`, `idLocation`, `idPharmacist`) VALUES (167, 24, 1, 3, 1, 4);
INSERT INTO `mydb`.`Fact_Sales` (`idTransaction`, `idWaktu`, `idDrug`, `idPatient`, `idLocation`, `idPharmacist`) VALUES (168, 25, 1, 3, 1, 4);
INSERT INTO `mydb`.`Fact_Sales` (`idTransaction`, `idWaktu`, `idDrug`, `idPatient`, `idLocation`, `idPharmacist`) VALUES (169, 18, 1, 3, 1, 4);
INSERT INTO `mydb`.`Fact_Sales` (`idTransaction`, `idWaktu`, `idDrug`, `idPatient`, `idLocation`, `idPharmacist`) VALUES (170, 19, 1, 3, 1, 4);
INSERT INTO `mydb`.`Fact_Sales` (`idTransaction`, `idWaktu`, `idDrug`, `idPatient`, `idLocation`, `idPharmacist`) VALUES (171, 20, 1, 3, 1, 4);
INSERT INTO `mydb`.`Fact_Sales` (`idTransaction`, `idWaktu`, `idDrug`, `idPatient`, `idLocation`, `idPharmacist`) VALUES (172, 21, 1, 3, 1, 4);
INSERT INTO `mydb`.`Fact_Sales` (`idTransaction`, `idWaktu`, `idDrug`, `idPatient`, `idLocation`, `idPharmacist`) VALUES (173, 22, 1, 3, 1, 4);
INSERT INTO `mydb`.`Fact_Sales` (`idTransaction`, `idWaktu`, `idDrug`, `idPatient`, `idLocation`, `idPharmacist`) VALUES (174, 23, 1, 3, 1, 4);
INSERT INTO `mydb`.`Fact_Sales` (`idTransaction`, `idWaktu`, `idDrug`, `idPatient`, `idLocation`, `idPharmacist`) VALUES (175, 24, 1, 3, 1, 4);
INSERT INTO `mydb`.`Fact_Sales` (`idTransaction`, `idWaktu`, `idDrug`, `idPatient`, `idLocation`, `idPharmacist`) VALUES (176, 25, 1, 3, 1, 4);
INSERT INTO `mydb`.`Fact_Sales` (`idTransaction`, `idWaktu`, `idDrug`, `idPatient`, `idLocation`, `idPharmacist`) VALUES (177, 18, 1, 3, 1, 4);
INSERT INTO `mydb`.`Fact_Sales` (`idTransaction`, `idWaktu`, `idDrug`, `idPatient`, `idLocation`, `idPharmacist`) VALUES (178, 19, 1, 3, 1, 4);
INSERT INTO `mydb`.`Fact_Sales` (`idTransaction`, `idWaktu`, `idDrug`, `idPatient`, `idLocation`, `idPharmacist`) VALUES (179, 20, 1, 3, 1, 4);
INSERT INTO `mydb`.`Fact_Sales` (`idTransaction`, `idWaktu`, `idDrug`, `idPatient`, `idLocation`, `idPharmacist`) VALUES (180, 21, 1, 3, 1, 4);
INSERT INTO `mydb`.`Fact_Sales` (`idTransaction`, `idWaktu`, `idDrug`, `idPatient`, `idLocation`, `idPharmacist`) VALUES (181, 22, 1, 3, 1, 4);
INSERT INTO `mydb`.`Fact_Sales` (`idTransaction`, `idWaktu`, `idDrug`, `idPatient`, `idLocation`, `idPharmacist`) VALUES (182, 23, 1, 3, 1, 4);
INSERT INTO `mydb`.`Fact_Sales` (`idTransaction`, `idWaktu`, `idDrug`, `idPatient`, `idLocation`, `idPharmacist`) VALUES (183, 24, 1, 3, 1, 4);
INSERT INTO `mydb`.`Fact_Sales` (`idTransaction`, `idWaktu`, `idDrug`, `idPatient`, `idLocation`, `idPharmacist`) VALUES (184, 25, 1, 3, 1, 4);
INSERT INTO `mydb`.`Fact_Sales` (`idTransaction`, `idWaktu`, `idDrug`, `idPatient`, `idLocation`, `idPharmacist`) VALUES (185, 18, 1, 3, 1, 4);
INSERT INTO `mydb`.`Fact_Sales` (`idTransaction`, `idWaktu`, `idDrug`, `idPatient`, `idLocation`, `idPharmacist`) VALUES (186, 19, 1, 3, 1, 4);
INSERT INTO `mydb`.`Fact_Sales` (`idTransaction`, `idWaktu`, `idDrug`, `idPatient`, `idLocation`, `idPharmacist`) VALUES (187, 20, 1, 3, 1, 4);
INSERT INTO `mydb`.`Fact_Sales` (`idTransaction`, `idWaktu`, `idDrug`, `idPatient`, `idLocation`, `idPharmacist`) VALUES (188, 21, 1, 3, 1, 4);
INSERT INTO `mydb`.`Fact_Sales` (`idTransaction`, `idWaktu`, `idDrug`, `idPatient`, `idLocation`, `idPharmacist`) VALUES (189, 22, 1, 3, 1, 4);
INSERT INTO `mydb`.`Fact_Sales` (`idTransaction`, `idWaktu`, `idDrug`, `idPatient`, `idLocation`, `idPharmacist`) VALUES (190, 23, 1, 3, 1, 4);
INSERT INTO `mydb`.`Fact_Sales` (`idTransaction`, `idWaktu`, `idDrug`, `idPatient`, `idLocation`, `idPharmacist`) VALUES (191, 24, 1, 3, 1, 4);
INSERT INTO `mydb`.`Fact_Sales` (`idTransaction`, `idWaktu`, `idDrug`, `idPatient`, `idLocation`, `idPharmacist`) VALUES (192, 25, 1, 3, 1, 4);
INSERT INTO `mydb`.`Fact_Sales` (`idTransaction`, `idWaktu`, `idDrug`, `idPatient`, `idLocation`, `idPharmacist`) VALUES (193, 18, 1, 3, 1, 4);
INSERT INTO `mydb`.`Fact_Sales` (`idTransaction`, `idWaktu`, `idDrug`, `idPatient`, `idLocation`, `idPharmacist`) VALUES (194, 19, 1, 3, 1, 4);
INSERT INTO `mydb`.`Fact_Sales` (`idTransaction`, `idWaktu`, `idDrug`, `idPatient`, `idLocation`, `idPharmacist`) VALUES (195, 20, 1, 3, 1, 4);
INSERT INTO `mydb`.`Fact_Sales` (`idTransaction`, `idWaktu`, `idDrug`, `idPatient`, `idLocation`, `idPharmacist`) VALUES (196, 21, 1, 3, 1, 4);
INSERT INTO `mydb`.`Fact_Sales` (`idTransaction`, `idWaktu`, `idDrug`, `idPatient`, `idLocation`, `idPharmacist`) VALUES (197, 22, 1, 3, 1, 4);
INSERT INTO `mydb`.`Fact_Sales` (`idTransaction`, `idWaktu`, `idDrug`, `idPatient`, `idLocation`, `idPharmacist`) VALUES (198, 23, 1, 3, 1, 4);
INSERT INTO `mydb`.`Fact_Sales` (`idTransaction`, `idWaktu`, `idDrug`, `idPatient`, `idLocation`, `idPharmacist`) VALUES (199, 24, 1, 3, 1, 4);
INSERT INTO `mydb`.`Fact_Sales` (`idTransaction`, `idWaktu`, `idDrug`, `idPatient`, `idLocation`, `idPharmacist`) VALUES (200, 25, 1, 3, 1, 4);
INSERT INTO `mydb`.`Fact_Sales` (`idTransaction`, `idWaktu`, `idDrug`, `idPatient`, `idLocation`, `idPharmacist`) VALUES (201, 18, 1, 5, 1, 3);
INSERT INTO `mydb`.`Fact_Sales` (`idTransaction`, `idWaktu`, `idDrug`, `idPatient`, `idLocation`, `idPharmacist`) VALUES (202, 19, 1, 5, 1, 3);
INSERT INTO `mydb`.`Fact_Sales` (`idTransaction`, `idWaktu`, `idDrug`, `idPatient`, `idLocation`, `idPharmacist`) VALUES (203, 20, 1, 5, 1, 3);
INSERT INTO `mydb`.`Fact_Sales` (`idTransaction`, `idWaktu`, `idDrug`, `idPatient`, `idLocation`, `idPharmacist`) VALUES (204, 21, 1, 5, 1, 3);
INSERT INTO `mydb`.`Fact_Sales` (`idTransaction`, `idWaktu`, `idDrug`, `idPatient`, `idLocation`, `idPharmacist`) VALUES (205, 22, 1, 5, 1, 3);
INSERT INTO `mydb`.`Fact_Sales` (`idTransaction`, `idWaktu`, `idDrug`, `idPatient`, `idLocation`, `idPharmacist`) VALUES (206, 23, 1, 5, 1, 3);
INSERT INTO `mydb`.`Fact_Sales` (`idTransaction`, `idWaktu`, `idDrug`, `idPatient`, `idLocation`, `idPharmacist`) VALUES (207, 24, 1, 5, 1, 3);
INSERT INTO `mydb`.`Fact_Sales` (`idTransaction`, `idWaktu`, `idDrug`, `idPatient`, `idLocation`, `idPharmacist`) VALUES (208, 25, 1, 5, 1, 3);
INSERT INTO `mydb`.`Fact_Sales` (`idTransaction`, `idWaktu`, `idDrug`, `idPatient`, `idLocation`, `idPharmacist`) VALUES (209, 18, 1, 5, 1, 3);
INSERT INTO `mydb`.`Fact_Sales` (`idTransaction`, `idWaktu`, `idDrug`, `idPatient`, `idLocation`, `idPharmacist`) VALUES (210, 19, 1, 5, 1, 3);
INSERT INTO `mydb`.`Fact_Sales` (`idTransaction`, `idWaktu`, `idDrug`, `idPatient`, `idLocation`, `idPharmacist`) VALUES (211, 20, 1, 5, 1, 3);
INSERT INTO `mydb`.`Fact_Sales` (`idTransaction`, `idWaktu`, `idDrug`, `idPatient`, `idLocation`, `idPharmacist`) VALUES (212, 21, 1, 5, 1, 3);
INSERT INTO `mydb`.`Fact_Sales` (`idTransaction`, `idWaktu`, `idDrug`, `idPatient`, `idLocation`, `idPharmacist`) VALUES (213, 22, 1, 5, 1, 3);
INSERT INTO `mydb`.`Fact_Sales` (`idTransaction`, `idWaktu`, `idDrug`, `idPatient`, `idLocation`, `idPharmacist`) VALUES (214, 23, 1, 5, 1, 3);
INSERT INTO `mydb`.`Fact_Sales` (`idTransaction`, `idWaktu`, `idDrug`, `idPatient`, `idLocation`, `idPharmacist`) VALUES (215, 24, 1, 5, 1, 3);
INSERT INTO `mydb`.`Fact_Sales` (`idTransaction`, `idWaktu`, `idDrug`, `idPatient`, `idLocation`, `idPharmacist`) VALUES (216, 25, 1, 5, 1, 3);
INSERT INTO `mydb`.`Fact_Sales` (`idTransaction`, `idWaktu`, `idDrug`, `idPatient`, `idLocation`, `idPharmacist`) VALUES (217, 18, 1, 5, 1, 3);
INSERT INTO `mydb`.`Fact_Sales` (`idTransaction`, `idWaktu`, `idDrug`, `idPatient`, `idLocation`, `idPharmacist`) VALUES (218, 19, 1, 5, 1, 3);
INSERT INTO `mydb`.`Fact_Sales` (`idTransaction`, `idWaktu`, `idDrug`, `idPatient`, `idLocation`, `idPharmacist`) VALUES (219, 20, 1, 5, 1, 3);
INSERT INTO `mydb`.`Fact_Sales` (`idTransaction`, `idWaktu`, `idDrug`, `idPatient`, `idLocation`, `idPharmacist`) VALUES (220, 21, 1, 5, 1, 3);
INSERT INTO `mydb`.`Fact_Sales` (`idTransaction`, `idWaktu`, `idDrug`, `idPatient`, `idLocation`, `idPharmacist`) VALUES (221, 22, 1, 5, 1, 3);
INSERT INTO `mydb`.`Fact_Sales` (`idTransaction`, `idWaktu`, `idDrug`, `idPatient`, `idLocation`, `idPharmacist`) VALUES (222, 23, 1, 5, 1, 3);
INSERT INTO `mydb`.`Fact_Sales` (`idTransaction`, `idWaktu`, `idDrug`, `idPatient`, `idLocation`, `idPharmacist`) VALUES (223, 24, 1, 5, 1, 3);
INSERT INTO `mydb`.`Fact_Sales` (`idTransaction`, `idWaktu`, `idDrug`, `idPatient`, `idLocation`, `idPharmacist`) VALUES (224, 25, 1, 5, 1, 3);
INSERT INTO `mydb`.`Fact_Sales` (`idTransaction`, `idWaktu`, `idDrug`, `idPatient`, `idLocation`, `idPharmacist`) VALUES (225, 18, 1, 5, 1, 3);
INSERT INTO `mydb`.`Fact_Sales` (`idTransaction`, `idWaktu`, `idDrug`, `idPatient`, `idLocation`, `idPharmacist`) VALUES (226, 19, 1, 5, 1, 3);
INSERT INTO `mydb`.`Fact_Sales` (`idTransaction`, `idWaktu`, `idDrug`, `idPatient`, `idLocation`, `idPharmacist`) VALUES (227, 20, 1, 5, 1, 3);
INSERT INTO `mydb`.`Fact_Sales` (`idTransaction`, `idWaktu`, `idDrug`, `idPatient`, `idLocation`, `idPharmacist`) VALUES (228, 21, 1, 5, 1, 3);
INSERT INTO `mydb`.`Fact_Sales` (`idTransaction`, `idWaktu`, `idDrug`, `idPatient`, `idLocation`, `idPharmacist`) VALUES (229, 22, 1, 5, 1, 3);
INSERT INTO `mydb`.`Fact_Sales` (`idTransaction`, `idWaktu`, `idDrug`, `idPatient`, `idLocation`, `idPharmacist`) VALUES (230, 23, 1, 5, 1, 3);
INSERT INTO `mydb`.`Fact_Sales` (`idTransaction`, `idWaktu`, `idDrug`, `idPatient`, `idLocation`, `idPharmacist`) VALUES (231, 24, 1, 5, 1, 3);
INSERT INTO `mydb`.`Fact_Sales` (`idTransaction`, `idWaktu`, `idDrug`, `idPatient`, `idLocation`, `idPharmacist`) VALUES (232, 25, 1, 5, 1, 3);
INSERT INTO `mydb`.`Fact_Sales` (`idTransaction`, `idWaktu`, `idDrug`, `idPatient`, `idLocation`, `idPharmacist`) VALUES (233, 18, 1, 5, 1, 3);
INSERT INTO `mydb`.`Fact_Sales` (`idTransaction`, `idWaktu`, `idDrug`, `idPatient`, `idLocation`, `idPharmacist`) VALUES (234, 19, 1, 5, 1, 3);
INSERT INTO `mydb`.`Fact_Sales` (`idTransaction`, `idWaktu`, `idDrug`, `idPatient`, `idLocation`, `idPharmacist`) VALUES (235, 20, 1, 5, 1, 3);
INSERT INTO `mydb`.`Fact_Sales` (`idTransaction`, `idWaktu`, `idDrug`, `idPatient`, `idLocation`, `idPharmacist`) VALUES (236, 21, 1, 5, 1, 3);
INSERT INTO `mydb`.`Fact_Sales` (`idTransaction`, `idWaktu`, `idDrug`, `idPatient`, `idLocation`, `idPharmacist`) VALUES (237, 22, 1, 5, 1, 3);
INSERT INTO `mydb`.`Fact_Sales` (`idTransaction`, `idWaktu`, `idDrug`, `idPatient`, `idLocation`, `idPharmacist`) VALUES (238, 23, 1, 5, 1, 3);
INSERT INTO `mydb`.`Fact_Sales` (`idTransaction`, `idWaktu`, `idDrug`, `idPatient`, `idLocation`, `idPharmacist`) VALUES (239, 24, 1, 5, 1, 3);
INSERT INTO `mydb`.`Fact_Sales` (`idTransaction`, `idWaktu`, `idDrug`, `idPatient`, `idLocation`, `idPharmacist`) VALUES (240, 25, 1, 5, 1, 3);
INSERT INTO `mydb`.`Fact_Sales` (`idTransaction`, `idWaktu`, `idDrug`, `idPatient`, `idLocation`, `idPharmacist`) VALUES (241, 18, 1, 5, 1, 3);
INSERT INTO `mydb`.`Fact_Sales` (`idTransaction`, `idWaktu`, `idDrug`, `idPatient`, `idLocation`, `idPharmacist`) VALUES (242, 19, 1, 5, 1, 3);
INSERT INTO `mydb`.`Fact_Sales` (`idTransaction`, `idWaktu`, `idDrug`, `idPatient`, `idLocation`, `idPharmacist`) VALUES (243, 20, 1, 5, 1, 3);
INSERT INTO `mydb`.`Fact_Sales` (`idTransaction`, `idWaktu`, `idDrug`, `idPatient`, `idLocation`, `idPharmacist`) VALUES (244, 21, 1, 5, 1, 3);
INSERT INTO `mydb`.`Fact_Sales` (`idTransaction`, `idWaktu`, `idDrug`, `idPatient`, `idLocation`, `idPharmacist`) VALUES (245, 22, 1, 5, 1, 3);
INSERT INTO `mydb`.`Fact_Sales` (`idTransaction`, `idWaktu`, `idDrug`, `idPatient`, `idLocation`, `idPharmacist`) VALUES (246, 23, 1, 5, 1, 3);
INSERT INTO `mydb`.`Fact_Sales` (`idTransaction`, `idWaktu`, `idDrug`, `idPatient`, `idLocation`, `idPharmacist`) VALUES (247, 24, 1, 5, 1, 3);
INSERT INTO `mydb`.`Fact_Sales` (`idTransaction`, `idWaktu`, `idDrug`, `idPatient`, `idLocation`, `idPharmacist`) VALUES (248, 25, 1, 5, 1, 3);
INSERT INTO `mydb`.`Fact_Sales` (`idTransaction`, `idWaktu`, `idDrug`, `idPatient`, `idLocation`, `idPharmacist`) VALUES (249, 18, 1, 5, 1, 3);
INSERT INTO `mydb`.`Fact_Sales` (`idTransaction`, `idWaktu`, `idDrug`, `idPatient`, `idLocation`, `idPharmacist`) VALUES (250, 19, 1, 5, 1, 3);
INSERT INTO `mydb`.`Fact_Sales` (`idTransaction`, `idWaktu`, `idDrug`, `idPatient`, `idLocation`, `idPharmacist`) VALUES (251, 20, 1, 5, 1, 8);
INSERT INTO `mydb`.`Fact_Sales` (`idTransaction`, `idWaktu`, `idDrug`, `idPatient`, `idLocation`, `idPharmacist`) VALUES (252, 21, 1, 5, 1, 8);
INSERT INTO `mydb`.`Fact_Sales` (`idTransaction`, `idWaktu`, `idDrug`, `idPatient`, `idLocation`, `idPharmacist`) VALUES (253, 22, 1, 5, 1, 8);
INSERT INTO `mydb`.`Fact_Sales` (`idTransaction`, `idWaktu`, `idDrug`, `idPatient`, `idLocation`, `idPharmacist`) VALUES (254, 23, 1, 5, 1, 8);
INSERT INTO `mydb`.`Fact_Sales` (`idTransaction`, `idWaktu`, `idDrug`, `idPatient`, `idLocation`, `idPharmacist`) VALUES (255, 24, 1, 5, 1, 8);
INSERT INTO `mydb`.`Fact_Sales` (`idTransaction`, `idWaktu`, `idDrug`, `idPatient`, `idLocation`, `idPharmacist`) VALUES (256, 25, 1, 5, 1, 8);
INSERT INTO `mydb`.`Fact_Sales` (`idTransaction`, `idWaktu`, `idDrug`, `idPatient`, `idLocation`, `idPharmacist`) VALUES (257, 18, 1, 5, 1, 8);
INSERT INTO `mydb`.`Fact_Sales` (`idTransaction`, `idWaktu`, `idDrug`, `idPatient`, `idLocation`, `idPharmacist`) VALUES (258, 19, 1, 5, 1, 8);
INSERT INTO `mydb`.`Fact_Sales` (`idTransaction`, `idWaktu`, `idDrug`, `idPatient`, `idLocation`, `idPharmacist`) VALUES (259, 20, 1, 5, 1, 8);
INSERT INTO `mydb`.`Fact_Sales` (`idTransaction`, `idWaktu`, `idDrug`, `idPatient`, `idLocation`, `idPharmacist`) VALUES (260, 21, 1, 5, 1, 8);
INSERT INTO `mydb`.`Fact_Sales` (`idTransaction`, `idWaktu`, `idDrug`, `idPatient`, `idLocation`, `idPharmacist`) VALUES (261, 22, 1, 5, 1, 8);
INSERT INTO `mydb`.`Fact_Sales` (`idTransaction`, `idWaktu`, `idDrug`, `idPatient`, `idLocation`, `idPharmacist`) VALUES (262, 23, 1, 5, 1, 8);
INSERT INTO `mydb`.`Fact_Sales` (`idTransaction`, `idWaktu`, `idDrug`, `idPatient`, `idLocation`, `idPharmacist`) VALUES (263, 24, 1, 5, 1, 8);
INSERT INTO `mydb`.`Fact_Sales` (`idTransaction`, `idWaktu`, `idDrug`, `idPatient`, `idLocation`, `idPharmacist`) VALUES (264, 25, 1, 5, 1, 8);
INSERT INTO `mydb`.`Fact_Sales` (`idTransaction`, `idWaktu`, `idDrug`, `idPatient`, `idLocation`, `idPharmacist`) VALUES (265, 18, 1, 5, 1, 8);
INSERT INTO `mydb`.`Fact_Sales` (`idTransaction`, `idWaktu`, `idDrug`, `idPatient`, `idLocation`, `idPharmacist`) VALUES (266, 19, 1, 5, 1, 8);
INSERT INTO `mydb`.`Fact_Sales` (`idTransaction`, `idWaktu`, `idDrug`, `idPatient`, `idLocation`, `idPharmacist`) VALUES (267, 20, 1, 5, 1, 8);
INSERT INTO `mydb`.`Fact_Sales` (`idTransaction`, `idWaktu`, `idDrug`, `idPatient`, `idLocation`, `idPharmacist`) VALUES (268, 21, 1, 5, 1, 8);
INSERT INTO `mydb`.`Fact_Sales` (`idTransaction`, `idWaktu`, `idDrug`, `idPatient`, `idLocation`, `idPharmacist`) VALUES (269, 22, 1, 5, 1, 8);
INSERT INTO `mydb`.`Fact_Sales` (`idTransaction`, `idWaktu`, `idDrug`, `idPatient`, `idLocation`, `idPharmacist`) VALUES (270, 23, 1, 5, 1, 8);
INSERT INTO `mydb`.`Fact_Sales` (`idTransaction`, `idWaktu`, `idDrug`, `idPatient`, `idLocation`, `idPharmacist`) VALUES (271, 24, 1, 5, 1, 8);
INSERT INTO `mydb`.`Fact_Sales` (`idTransaction`, `idWaktu`, `idDrug`, `idPatient`, `idLocation`, `idPharmacist`) VALUES (272, 25, 1, 5, 1, 8);
INSERT INTO `mydb`.`Fact_Sales` (`idTransaction`, `idWaktu`, `idDrug`, `idPatient`, `idLocation`, `idPharmacist`) VALUES (273, 18, 1, 5, 1, 8);
INSERT INTO `mydb`.`Fact_Sales` (`idTransaction`, `idWaktu`, `idDrug`, `idPatient`, `idLocation`, `idPharmacist`) VALUES (274, 19, 1, 5, 1, 8);
INSERT INTO `mydb`.`Fact_Sales` (`idTransaction`, `idWaktu`, `idDrug`, `idPatient`, `idLocation`, `idPharmacist`) VALUES (275, 20, 1, 5, 1, 8);
INSERT INTO `mydb`.`Fact_Sales` (`idTransaction`, `idWaktu`, `idDrug`, `idPatient`, `idLocation`, `idPharmacist`) VALUES (276, 21, 1, 5, 1, 8);
INSERT INTO `mydb`.`Fact_Sales` (`idTransaction`, `idWaktu`, `idDrug`, `idPatient`, `idLocation`, `idPharmacist`) VALUES (277, 22, 1, 5, 1, 8);
INSERT INTO `mydb`.`Fact_Sales` (`idTransaction`, `idWaktu`, `idDrug`, `idPatient`, `idLocation`, `idPharmacist`) VALUES (278, 23, 1, 5, 1, 8);
INSERT INTO `mydb`.`Fact_Sales` (`idTransaction`, `idWaktu`, `idDrug`, `idPatient`, `idLocation`, `idPharmacist`) VALUES (279, 24, 1, 5, 1, 8);
INSERT INTO `mydb`.`Fact_Sales` (`idTransaction`, `idWaktu`, `idDrug`, `idPatient`, `idLocation`, `idPharmacist`) VALUES (280, 25, 1, 5, 1, 8);
INSERT INTO `mydb`.`Fact_Sales` (`idTransaction`, `idWaktu`, `idDrug`, `idPatient`, `idLocation`, `idPharmacist`) VALUES (281, 18, 1, 5, 1, 8);
INSERT INTO `mydb`.`Fact_Sales` (`idTransaction`, `idWaktu`, `idDrug`, `idPatient`, `idLocation`, `idPharmacist`) VALUES (282, 19, 1, 5, 1, 8);
INSERT INTO `mydb`.`Fact_Sales` (`idTransaction`, `idWaktu`, `idDrug`, `idPatient`, `idLocation`, `idPharmacist`) VALUES (283, 20, 1, 5, 1, 8);
INSERT INTO `mydb`.`Fact_Sales` (`idTransaction`, `idWaktu`, `idDrug`, `idPatient`, `idLocation`, `idPharmacist`) VALUES (284, 21, 1, 5, 1, 8);
INSERT INTO `mydb`.`Fact_Sales` (`idTransaction`, `idWaktu`, `idDrug`, `idPatient`, `idLocation`, `idPharmacist`) VALUES (285, 22, 1, 5, 1, 8);
INSERT INTO `mydb`.`Fact_Sales` (`idTransaction`, `idWaktu`, `idDrug`, `idPatient`, `idLocation`, `idPharmacist`) VALUES (286, 23, 1, 5, 1, 8);
INSERT INTO `mydb`.`Fact_Sales` (`idTransaction`, `idWaktu`, `idDrug`, `idPatient`, `idLocation`, `idPharmacist`) VALUES (287, 24, 1, 5, 1, 8);
INSERT INTO `mydb`.`Fact_Sales` (`idTransaction`, `idWaktu`, `idDrug`, `idPatient`, `idLocation`, `idPharmacist`) VALUES (288, 25, 1, 5, 1, 8);
INSERT INTO `mydb`.`Fact_Sales` (`idTransaction`, `idWaktu`, `idDrug`, `idPatient`, `idLocation`, `idPharmacist`) VALUES (289, 18, 1, 5, 1, 8);
INSERT INTO `mydb`.`Fact_Sales` (`idTransaction`, `idWaktu`, `idDrug`, `idPatient`, `idLocation`, `idPharmacist`) VALUES (290, 19, 1, 5, 1, 8);
INSERT INTO `mydb`.`Fact_Sales` (`idTransaction`, `idWaktu`, `idDrug`, `idPatient`, `idLocation`, `idPharmacist`) VALUES (291, 20, 1, 5, 1, 8);
INSERT INTO `mydb`.`Fact_Sales` (`idTransaction`, `idWaktu`, `idDrug`, `idPatient`, `idLocation`, `idPharmacist`) VALUES (292, 21, 1, 5, 1, 8);
INSERT INTO `mydb`.`Fact_Sales` (`idTransaction`, `idWaktu`, `idDrug`, `idPatient`, `idLocation`, `idPharmacist`) VALUES (293, 22, 1, 5, 1, 8);
INSERT INTO `mydb`.`Fact_Sales` (`idTransaction`, `idWaktu`, `idDrug`, `idPatient`, `idLocation`, `idPharmacist`) VALUES (294, 23, 1, 5, 1, 8);
INSERT INTO `mydb`.`Fact_Sales` (`idTransaction`, `idWaktu`, `idDrug`, `idPatient`, `idLocation`, `idPharmacist`) VALUES (295, 24, 1, 5, 1, 8);
INSERT INTO `mydb`.`Fact_Sales` (`idTransaction`, `idWaktu`, `idDrug`, `idPatient`, `idLocation`, `idPharmacist`) VALUES (296, 25, 1, 5, 1, 8);
INSERT INTO `mydb`.`Fact_Sales` (`idTransaction`, `idWaktu`, `idDrug`, `idPatient`, `idLocation`, `idPharmacist`) VALUES (297, 18, 1, 5, 1, 8);
INSERT INTO `mydb`.`Fact_Sales` (`idTransaction`, `idWaktu`, `idDrug`, `idPatient`, `idLocation`, `idPharmacist`) VALUES (298, 19, 1, 5, 1, 8);
INSERT INTO `mydb`.`Fact_Sales` (`idTransaction`, `idWaktu`, `idDrug`, `idPatient`, `idLocation`, `idPharmacist`) VALUES (299, 20, 1, 5, 1, 8);
INSERT INTO `mydb`.`Fact_Sales` (`idTransaction`, `idWaktu`, `idDrug`, `idPatient`, `idLocation`, `idPharmacist`) VALUES (300, 21, 1, 5, 1, 8);
INSERT INTO `mydb`.`Fact_Sales` (`idTransaction`, `idWaktu`, `idDrug`, `idPatient`, `idLocation`, `idPharmacist`) VALUES (301, 11, 2, 13, 2, 13);
INSERT INTO `mydb`.`Fact_Sales` (`idTransaction`, `idWaktu`, `idDrug`, `idPatient`, `idLocation`, `idPharmacist`) VALUES (302, 12, 2, 13, 2, 13);
INSERT INTO `mydb`.`Fact_Sales` (`idTransaction`, `idWaktu`, `idDrug`, `idPatient`, `idLocation`, `idPharmacist`) VALUES (303, 13, 2, 13, 2, 13);
INSERT INTO `mydb`.`Fact_Sales` (`idTransaction`, `idWaktu`, `idDrug`, `idPatient`, `idLocation`, `idPharmacist`) VALUES (304, 14, 2, 13, 2, 13);
INSERT INTO `mydb`.`Fact_Sales` (`idTransaction`, `idWaktu`, `idDrug`, `idPatient`, `idLocation`, `idPharmacist`) VALUES (305, 15, 2, 13, 2, 13);
INSERT INTO `mydb`.`Fact_Sales` (`idTransaction`, `idWaktu`, `idDrug`, `idPatient`, `idLocation`, `idPharmacist`) VALUES (306, 16, 2, 13, 2, 13);
INSERT INTO `mydb`.`Fact_Sales` (`idTransaction`, `idWaktu`, `idDrug`, `idPatient`, `idLocation`, `idPharmacist`) VALUES (307, 11, 2, 13, 2, 13);
INSERT INTO `mydb`.`Fact_Sales` (`idTransaction`, `idWaktu`, `idDrug`, `idPatient`, `idLocation`, `idPharmacist`) VALUES (308, 12, 2, 13, 2, 13);
INSERT INTO `mydb`.`Fact_Sales` (`idTransaction`, `idWaktu`, `idDrug`, `idPatient`, `idLocation`, `idPharmacist`) VALUES (309, 13, 2, 13, 2, 13);
INSERT INTO `mydb`.`Fact_Sales` (`idTransaction`, `idWaktu`, `idDrug`, `idPatient`, `idLocation`, `idPharmacist`) VALUES (310, 14, 2, 13, 2, 13);
INSERT INTO `mydb`.`Fact_Sales` (`idTransaction`, `idWaktu`, `idDrug`, `idPatient`, `idLocation`, `idPharmacist`) VALUES (311, 15, 2, 13, 2, 13);
INSERT INTO `mydb`.`Fact_Sales` (`idTransaction`, `idWaktu`, `idDrug`, `idPatient`, `idLocation`, `idPharmacist`) VALUES (312, 16, 2, 13, 2, 13);
INSERT INTO `mydb`.`Fact_Sales` (`idTransaction`, `idWaktu`, `idDrug`, `idPatient`, `idLocation`, `idPharmacist`) VALUES (313, 11, 2, 13, 2, 13);
INSERT INTO `mydb`.`Fact_Sales` (`idTransaction`, `idWaktu`, `idDrug`, `idPatient`, `idLocation`, `idPharmacist`) VALUES (314, 12, 2, 13, 2, 13);
INSERT INTO `mydb`.`Fact_Sales` (`idTransaction`, `idWaktu`, `idDrug`, `idPatient`, `idLocation`, `idPharmacist`) VALUES (315, 13, 2, 13, 2, 13);
INSERT INTO `mydb`.`Fact_Sales` (`idTransaction`, `idWaktu`, `idDrug`, `idPatient`, `idLocation`, `idPharmacist`) VALUES (316, 14, 2, 13, 2, 13);
INSERT INTO `mydb`.`Fact_Sales` (`idTransaction`, `idWaktu`, `idDrug`, `idPatient`, `idLocation`, `idPharmacist`) VALUES (317, 15, 2, 13, 2, 13);
INSERT INTO `mydb`.`Fact_Sales` (`idTransaction`, `idWaktu`, `idDrug`, `idPatient`, `idLocation`, `idPharmacist`) VALUES (318, 16, 2, 13, 2, 13);
INSERT INTO `mydb`.`Fact_Sales` (`idTransaction`, `idWaktu`, `idDrug`, `idPatient`, `idLocation`, `idPharmacist`) VALUES (319, 11, 2, 13, 2, 13);
INSERT INTO `mydb`.`Fact_Sales` (`idTransaction`, `idWaktu`, `idDrug`, `idPatient`, `idLocation`, `idPharmacist`) VALUES (320, 12, 2, 13, 2, 13);
INSERT INTO `mydb`.`Fact_Sales` (`idTransaction`, `idWaktu`, `idDrug`, `idPatient`, `idLocation`, `idPharmacist`) VALUES (321, 13, 2, 13, 2, 13);
INSERT INTO `mydb`.`Fact_Sales` (`idTransaction`, `idWaktu`, `idDrug`, `idPatient`, `idLocation`, `idPharmacist`) VALUES (322, 14, 2, 13, 2, 13);
INSERT INTO `mydb`.`Fact_Sales` (`idTransaction`, `idWaktu`, `idDrug`, `idPatient`, `idLocation`, `idPharmacist`) VALUES (323, 15, 2, 13, 2, 13);
INSERT INTO `mydb`.`Fact_Sales` (`idTransaction`, `idWaktu`, `idDrug`, `idPatient`, `idLocation`, `idPharmacist`) VALUES (324, 16, 2, 13, 2, 13);
INSERT INTO `mydb`.`Fact_Sales` (`idTransaction`, `idWaktu`, `idDrug`, `idPatient`, `idLocation`, `idPharmacist`) VALUES (325, 11, 2, 13, 2, 13);
INSERT INTO `mydb`.`Fact_Sales` (`idTransaction`, `idWaktu`, `idDrug`, `idPatient`, `idLocation`, `idPharmacist`) VALUES (326, 12, 2, 13, 2, 13);
INSERT INTO `mydb`.`Fact_Sales` (`idTransaction`, `idWaktu`, `idDrug`, `idPatient`, `idLocation`, `idPharmacist`) VALUES (327, 13, 2, 13, 2, 13);
INSERT INTO `mydb`.`Fact_Sales` (`idTransaction`, `idWaktu`, `idDrug`, `idPatient`, `idLocation`, `idPharmacist`) VALUES (328, 14, 2, 13, 2, 13);
INSERT INTO `mydb`.`Fact_Sales` (`idTransaction`, `idWaktu`, `idDrug`, `idPatient`, `idLocation`, `idPharmacist`) VALUES (329, 15, 2, 13, 2, 13);
INSERT INTO `mydb`.`Fact_Sales` (`idTransaction`, `idWaktu`, `idDrug`, `idPatient`, `idLocation`, `idPharmacist`) VALUES (330, 16, 2, 13, 2, 13);
INSERT INTO `mydb`.`Fact_Sales` (`idTransaction`, `idWaktu`, `idDrug`, `idPatient`, `idLocation`, `idPharmacist`) VALUES (331, 11, 2, 13, 2, 13);
INSERT INTO `mydb`.`Fact_Sales` (`idTransaction`, `idWaktu`, `idDrug`, `idPatient`, `idLocation`, `idPharmacist`) VALUES (332, 12, 2, 13, 2, 13);
INSERT INTO `mydb`.`Fact_Sales` (`idTransaction`, `idWaktu`, `idDrug`, `idPatient`, `idLocation`, `idPharmacist`) VALUES (333, 13, 2, 13, 2, 13);
INSERT INTO `mydb`.`Fact_Sales` (`idTransaction`, `idWaktu`, `idDrug`, `idPatient`, `idLocation`, `idPharmacist`) VALUES (334, 14, 2, 13, 2, 13);
INSERT INTO `mydb`.`Fact_Sales` (`idTransaction`, `idWaktu`, `idDrug`, `idPatient`, `idLocation`, `idPharmacist`) VALUES (335, 15, 2, 13, 2, 13);
INSERT INTO `mydb`.`Fact_Sales` (`idTransaction`, `idWaktu`, `idDrug`, `idPatient`, `idLocation`, `idPharmacist`) VALUES (336, 16, 2, 13, 2, 13);
INSERT INTO `mydb`.`Fact_Sales` (`idTransaction`, `idWaktu`, `idDrug`, `idPatient`, `idLocation`, `idPharmacist`) VALUES (337, 11, 2, 13, 2, 13);
INSERT INTO `mydb`.`Fact_Sales` (`idTransaction`, `idWaktu`, `idDrug`, `idPatient`, `idLocation`, `idPharmacist`) VALUES (338, 12, 2, 13, 2, 13);
INSERT INTO `mydb`.`Fact_Sales` (`idTransaction`, `idWaktu`, `idDrug`, `idPatient`, `idLocation`, `idPharmacist`) VALUES (339, 13, 2, 13, 2, 13);
INSERT INTO `mydb`.`Fact_Sales` (`idTransaction`, `idWaktu`, `idDrug`, `idPatient`, `idLocation`, `idPharmacist`) VALUES (340, 14, 2, 13, 2, 13);
INSERT INTO `mydb`.`Fact_Sales` (`idTransaction`, `idWaktu`, `idDrug`, `idPatient`, `idLocation`, `idPharmacist`) VALUES (341, 15, 2, 13, 2, 13);
INSERT INTO `mydb`.`Fact_Sales` (`idTransaction`, `idWaktu`, `idDrug`, `idPatient`, `idLocation`, `idPharmacist`) VALUES (342, 16, 2, 13, 2, 13);
INSERT INTO `mydb`.`Fact_Sales` (`idTransaction`, `idWaktu`, `idDrug`, `idPatient`, `idLocation`, `idPharmacist`) VALUES (343, 11, 2, 13, 2, 13);
INSERT INTO `mydb`.`Fact_Sales` (`idTransaction`, `idWaktu`, `idDrug`, `idPatient`, `idLocation`, `idPharmacist`) VALUES (344, 12, 2, 13, 2, 13);
INSERT INTO `mydb`.`Fact_Sales` (`idTransaction`, `idWaktu`, `idDrug`, `idPatient`, `idLocation`, `idPharmacist`) VALUES (345, 13, 2, 13, 2, 13);
INSERT INTO `mydb`.`Fact_Sales` (`idTransaction`, `idWaktu`, `idDrug`, `idPatient`, `idLocation`, `idPharmacist`) VALUES (346, 14, 2, 13, 2, 13);
INSERT INTO `mydb`.`Fact_Sales` (`idTransaction`, `idWaktu`, `idDrug`, `idPatient`, `idLocation`, `idPharmacist`) VALUES (347, 15, 2, 13, 2, 13);
INSERT INTO `mydb`.`Fact_Sales` (`idTransaction`, `idWaktu`, `idDrug`, `idPatient`, `idLocation`, `idPharmacist`) VALUES (348, 16, 2, 13, 2, 13);
INSERT INTO `mydb`.`Fact_Sales` (`idTransaction`, `idWaktu`, `idDrug`, `idPatient`, `idLocation`, `idPharmacist`) VALUES (349, 11, 2, 13, 2, 13);
INSERT INTO `mydb`.`Fact_Sales` (`idTransaction`, `idWaktu`, `idDrug`, `idPatient`, `idLocation`, `idPharmacist`) VALUES (350, 12, 2, 13, 2, 13);
INSERT INTO `mydb`.`Fact_Sales` (`idTransaction`, `idWaktu`, `idDrug`, `idPatient`, `idLocation`, `idPharmacist`) VALUES (351, 13, 2, 7, 2, 15);
INSERT INTO `mydb`.`Fact_Sales` (`idTransaction`, `idWaktu`, `idDrug`, `idPatient`, `idLocation`, `idPharmacist`) VALUES (352, 14, 2, 7, 2, 15);
INSERT INTO `mydb`.`Fact_Sales` (`idTransaction`, `idWaktu`, `idDrug`, `idPatient`, `idLocation`, `idPharmacist`) VALUES (353, 15, 2, 7, 2, 15);
INSERT INTO `mydb`.`Fact_Sales` (`idTransaction`, `idWaktu`, `idDrug`, `idPatient`, `idLocation`, `idPharmacist`) VALUES (354, 16, 2, 7, 2, 15);
INSERT INTO `mydb`.`Fact_Sales` (`idTransaction`, `idWaktu`, `idDrug`, `idPatient`, `idLocation`, `idPharmacist`) VALUES (355, 11, 2, 7, 2, 15);
INSERT INTO `mydb`.`Fact_Sales` (`idTransaction`, `idWaktu`, `idDrug`, `idPatient`, `idLocation`, `idPharmacist`) VALUES (356, 12, 2, 7, 2, 15);
INSERT INTO `mydb`.`Fact_Sales` (`idTransaction`, `idWaktu`, `idDrug`, `idPatient`, `idLocation`, `idPharmacist`) VALUES (357, 13, 2, 7, 2, 15);
INSERT INTO `mydb`.`Fact_Sales` (`idTransaction`, `idWaktu`, `idDrug`, `idPatient`, `idLocation`, `idPharmacist`) VALUES (358, 14, 2, 7, 2, 15);
INSERT INTO `mydb`.`Fact_Sales` (`idTransaction`, `idWaktu`, `idDrug`, `idPatient`, `idLocation`, `idPharmacist`) VALUES (359, 15, 2, 7, 2, 15);
INSERT INTO `mydb`.`Fact_Sales` (`idTransaction`, `idWaktu`, `idDrug`, `idPatient`, `idLocation`, `idPharmacist`) VALUES (360, 16, 2, 7, 2, 15);
INSERT INTO `mydb`.`Fact_Sales` (`idTransaction`, `idWaktu`, `idDrug`, `idPatient`, `idLocation`, `idPharmacist`) VALUES (361, 11, 2, 7, 2, 15);
INSERT INTO `mydb`.`Fact_Sales` (`idTransaction`, `idWaktu`, `idDrug`, `idPatient`, `idLocation`, `idPharmacist`) VALUES (362, 12, 2, 7, 2, 15);
INSERT INTO `mydb`.`Fact_Sales` (`idTransaction`, `idWaktu`, `idDrug`, `idPatient`, `idLocation`, `idPharmacist`) VALUES (363, 13, 2, 7, 2, 15);
INSERT INTO `mydb`.`Fact_Sales` (`idTransaction`, `idWaktu`, `idDrug`, `idPatient`, `idLocation`, `idPharmacist`) VALUES (364, 14, 2, 7, 2, 15);
INSERT INTO `mydb`.`Fact_Sales` (`idTransaction`, `idWaktu`, `idDrug`, `idPatient`, `idLocation`, `idPharmacist`) VALUES (365, 15, 2, 7, 2, 15);
INSERT INTO `mydb`.`Fact_Sales` (`idTransaction`, `idWaktu`, `idDrug`, `idPatient`, `idLocation`, `idPharmacist`) VALUES (366, 16, 2, 7, 2, 15);
INSERT INTO `mydb`.`Fact_Sales` (`idTransaction`, `idWaktu`, `idDrug`, `idPatient`, `idLocation`, `idPharmacist`) VALUES (367, 11, 2, 7, 2, 15);
INSERT INTO `mydb`.`Fact_Sales` (`idTransaction`, `idWaktu`, `idDrug`, `idPatient`, `idLocation`, `idPharmacist`) VALUES (368, 12, 2, 7, 2, 15);
INSERT INTO `mydb`.`Fact_Sales` (`idTransaction`, `idWaktu`, `idDrug`, `idPatient`, `idLocation`, `idPharmacist`) VALUES (369, 13, 2, 7, 2, 15);
INSERT INTO `mydb`.`Fact_Sales` (`idTransaction`, `idWaktu`, `idDrug`, `idPatient`, `idLocation`, `idPharmacist`) VALUES (370, 14, 2, 7, 2, 15);
INSERT INTO `mydb`.`Fact_Sales` (`idTransaction`, `idWaktu`, `idDrug`, `idPatient`, `idLocation`, `idPharmacist`) VALUES (371, 15, 2, 7, 2, 15);
INSERT INTO `mydb`.`Fact_Sales` (`idTransaction`, `idWaktu`, `idDrug`, `idPatient`, `idLocation`, `idPharmacist`) VALUES (372, 16, 2, 7, 2, 15);
INSERT INTO `mydb`.`Fact_Sales` (`idTransaction`, `idWaktu`, `idDrug`, `idPatient`, `idLocation`, `idPharmacist`) VALUES (373, 11, 2, 7, 2, 15);
INSERT INTO `mydb`.`Fact_Sales` (`idTransaction`, `idWaktu`, `idDrug`, `idPatient`, `idLocation`, `idPharmacist`) VALUES (374, 12, 2, 7, 2, 15);
INSERT INTO `mydb`.`Fact_Sales` (`idTransaction`, `idWaktu`, `idDrug`, `idPatient`, `idLocation`, `idPharmacist`) VALUES (375, 13, 2, 7, 2, 15);
INSERT INTO `mydb`.`Fact_Sales` (`idTransaction`, `idWaktu`, `idDrug`, `idPatient`, `idLocation`, `idPharmacist`) VALUES (376, 14, 2, 7, 2, 15);
INSERT INTO `mydb`.`Fact_Sales` (`idTransaction`, `idWaktu`, `idDrug`, `idPatient`, `idLocation`, `idPharmacist`) VALUES (377, 15, 2, 7, 2, 15);
INSERT INTO `mydb`.`Fact_Sales` (`idTransaction`, `idWaktu`, `idDrug`, `idPatient`, `idLocation`, `idPharmacist`) VALUES (378, 16, 2, 7, 2, 15);
INSERT INTO `mydb`.`Fact_Sales` (`idTransaction`, `idWaktu`, `idDrug`, `idPatient`, `idLocation`, `idPharmacist`) VALUES (379, 11, 2, 7, 2, 15);
INSERT INTO `mydb`.`Fact_Sales` (`idTransaction`, `idWaktu`, `idDrug`, `idPatient`, `idLocation`, `idPharmacist`) VALUES (380, 12, 2, 7, 2, 15);
INSERT INTO `mydb`.`Fact_Sales` (`idTransaction`, `idWaktu`, `idDrug`, `idPatient`, `idLocation`, `idPharmacist`) VALUES (381, 13, 2, 7, 2, 15);
INSERT INTO `mydb`.`Fact_Sales` (`idTransaction`, `idWaktu`, `idDrug`, `idPatient`, `idLocation`, `idPharmacist`) VALUES (382, 14, 2, 7, 2, 15);
INSERT INTO `mydb`.`Fact_Sales` (`idTransaction`, `idWaktu`, `idDrug`, `idPatient`, `idLocation`, `idPharmacist`) VALUES (383, 15, 2, 7, 2, 15);
INSERT INTO `mydb`.`Fact_Sales` (`idTransaction`, `idWaktu`, `idDrug`, `idPatient`, `idLocation`, `idPharmacist`) VALUES (384, 16, 2, 7, 2, 15);
INSERT INTO `mydb`.`Fact_Sales` (`idTransaction`, `idWaktu`, `idDrug`, `idPatient`, `idLocation`, `idPharmacist`) VALUES (385, 11, 2, 7, 2, 15);
INSERT INTO `mydb`.`Fact_Sales` (`idTransaction`, `idWaktu`, `idDrug`, `idPatient`, `idLocation`, `idPharmacist`) VALUES (386, 12, 2, 7, 2, 15);
INSERT INTO `mydb`.`Fact_Sales` (`idTransaction`, `idWaktu`, `idDrug`, `idPatient`, `idLocation`, `idPharmacist`) VALUES (387, 13, 2, 7, 2, 15);
INSERT INTO `mydb`.`Fact_Sales` (`idTransaction`, `idWaktu`, `idDrug`, `idPatient`, `idLocation`, `idPharmacist`) VALUES (388, 14, 2, 7, 2, 15);
INSERT INTO `mydb`.`Fact_Sales` (`idTransaction`, `idWaktu`, `idDrug`, `idPatient`, `idLocation`, `idPharmacist`) VALUES (389, 15, 2, 7, 2, 15);
INSERT INTO `mydb`.`Fact_Sales` (`idTransaction`, `idWaktu`, `idDrug`, `idPatient`, `idLocation`, `idPharmacist`) VALUES (390, 16, 2, 7, 2, 15);
INSERT INTO `mydb`.`Fact_Sales` (`idTransaction`, `idWaktu`, `idDrug`, `idPatient`, `idLocation`, `idPharmacist`) VALUES (391, 11, 2, 7, 2, 15);
INSERT INTO `mydb`.`Fact_Sales` (`idTransaction`, `idWaktu`, `idDrug`, `idPatient`, `idLocation`, `idPharmacist`) VALUES (392, 12, 2, 7, 2, 15);
INSERT INTO `mydb`.`Fact_Sales` (`idTransaction`, `idWaktu`, `idDrug`, `idPatient`, `idLocation`, `idPharmacist`) VALUES (393, 13, 2, 7, 2, 15);
INSERT INTO `mydb`.`Fact_Sales` (`idTransaction`, `idWaktu`, `idDrug`, `idPatient`, `idLocation`, `idPharmacist`) VALUES (394, 14, 2, 7, 2, 15);
INSERT INTO `mydb`.`Fact_Sales` (`idTransaction`, `idWaktu`, `idDrug`, `idPatient`, `idLocation`, `idPharmacist`) VALUES (395, 15, 2, 7, 2, 15);
INSERT INTO `mydb`.`Fact_Sales` (`idTransaction`, `idWaktu`, `idDrug`, `idPatient`, `idLocation`, `idPharmacist`) VALUES (396, 16, 2, 7, 2, 15);
INSERT INTO `mydb`.`Fact_Sales` (`idTransaction`, `idWaktu`, `idDrug`, `idPatient`, `idLocation`, `idPharmacist`) VALUES (397, 11, 2, 7, 2, 15);
INSERT INTO `mydb`.`Fact_Sales` (`idTransaction`, `idWaktu`, `idDrug`, `idPatient`, `idLocation`, `idPharmacist`) VALUES (398, 12, 2, 7, 2, 15);
INSERT INTO `mydb`.`Fact_Sales` (`idTransaction`, `idWaktu`, `idDrug`, `idPatient`, `idLocation`, `idPharmacist`) VALUES (399, 13, 2, 7, 2, 15);
INSERT INTO `mydb`.`Fact_Sales` (`idTransaction`, `idWaktu`, `idDrug`, `idPatient`, `idLocation`, `idPharmacist`) VALUES (400, 14, 2, 7, 2, 15);
INSERT INTO `mydb`.`Fact_Sales` (`idTransaction`, `idWaktu`, `idDrug`, `idPatient`, `idLocation`, `idPharmacist`) VALUES (401, 15, 2, 9, 2, 12);
INSERT INTO `mydb`.`Fact_Sales` (`idTransaction`, `idWaktu`, `idDrug`, `idPatient`, `idLocation`, `idPharmacist`) VALUES (402, 16, 2, 9, 2, 12);
INSERT INTO `mydb`.`Fact_Sales` (`idTransaction`, `idWaktu`, `idDrug`, `idPatient`, `idLocation`, `idPharmacist`) VALUES (403, 11, 2, 9, 2, 12);
INSERT INTO `mydb`.`Fact_Sales` (`idTransaction`, `idWaktu`, `idDrug`, `idPatient`, `idLocation`, `idPharmacist`) VALUES (404, 12, 2, 9, 2, 12);
INSERT INTO `mydb`.`Fact_Sales` (`idTransaction`, `idWaktu`, `idDrug`, `idPatient`, `idLocation`, `idPharmacist`) VALUES (405, 13, 2, 9, 2, 12);
INSERT INTO `mydb`.`Fact_Sales` (`idTransaction`, `idWaktu`, `idDrug`, `idPatient`, `idLocation`, `idPharmacist`) VALUES (406, 14, 2, 9, 2, 12);
INSERT INTO `mydb`.`Fact_Sales` (`idTransaction`, `idWaktu`, `idDrug`, `idPatient`, `idLocation`, `idPharmacist`) VALUES (407, 15, 2, 9, 2, 12);
INSERT INTO `mydb`.`Fact_Sales` (`idTransaction`, `idWaktu`, `idDrug`, `idPatient`, `idLocation`, `idPharmacist`) VALUES (408, 16, 2, 9, 2, 12);
INSERT INTO `mydb`.`Fact_Sales` (`idTransaction`, `idWaktu`, `idDrug`, `idPatient`, `idLocation`, `idPharmacist`) VALUES (409, 11, 2, 9, 2, 12);
INSERT INTO `mydb`.`Fact_Sales` (`idTransaction`, `idWaktu`, `idDrug`, `idPatient`, `idLocation`, `idPharmacist`) VALUES (410, 12, 2, 9, 2, 12);
INSERT INTO `mydb`.`Fact_Sales` (`idTransaction`, `idWaktu`, `idDrug`, `idPatient`, `idLocation`, `idPharmacist`) VALUES (411, 13, 2, 9, 2, 12);
INSERT INTO `mydb`.`Fact_Sales` (`idTransaction`, `idWaktu`, `idDrug`, `idPatient`, `idLocation`, `idPharmacist`) VALUES (412, 14, 2, 9, 2, 12);
INSERT INTO `mydb`.`Fact_Sales` (`idTransaction`, `idWaktu`, `idDrug`, `idPatient`, `idLocation`, `idPharmacist`) VALUES (413, 15, 2, 9, 2, 12);
INSERT INTO `mydb`.`Fact_Sales` (`idTransaction`, `idWaktu`, `idDrug`, `idPatient`, `idLocation`, `idPharmacist`) VALUES (414, 16, 2, 9, 2, 12);
INSERT INTO `mydb`.`Fact_Sales` (`idTransaction`, `idWaktu`, `idDrug`, `idPatient`, `idLocation`, `idPharmacist`) VALUES (415, 11, 2, 9, 2, 12);
INSERT INTO `mydb`.`Fact_Sales` (`idTransaction`, `idWaktu`, `idDrug`, `idPatient`, `idLocation`, `idPharmacist`) VALUES (416, 12, 2, 9, 2, 12);
INSERT INTO `mydb`.`Fact_Sales` (`idTransaction`, `idWaktu`, `idDrug`, `idPatient`, `idLocation`, `idPharmacist`) VALUES (417, 13, 2, 9, 2, 12);
INSERT INTO `mydb`.`Fact_Sales` (`idTransaction`, `idWaktu`, `idDrug`, `idPatient`, `idLocation`, `idPharmacist`) VALUES (418, 14, 2, 9, 2, 12);
INSERT INTO `mydb`.`Fact_Sales` (`idTransaction`, `idWaktu`, `idDrug`, `idPatient`, `idLocation`, `idPharmacist`) VALUES (419, 15, 2, 9, 2, 12);
INSERT INTO `mydb`.`Fact_Sales` (`idTransaction`, `idWaktu`, `idDrug`, `idPatient`, `idLocation`, `idPharmacist`) VALUES (420, 16, 2, 9, 2, 12);
INSERT INTO `mydb`.`Fact_Sales` (`idTransaction`, `idWaktu`, `idDrug`, `idPatient`, `idLocation`, `idPharmacist`) VALUES (421, 11, 2, 9, 2, 12);
INSERT INTO `mydb`.`Fact_Sales` (`idTransaction`, `idWaktu`, `idDrug`, `idPatient`, `idLocation`, `idPharmacist`) VALUES (422, 12, 2, 9, 2, 12);
INSERT INTO `mydb`.`Fact_Sales` (`idTransaction`, `idWaktu`, `idDrug`, `idPatient`, `idLocation`, `idPharmacist`) VALUES (423, 13, 2, 9, 2, 12);
INSERT INTO `mydb`.`Fact_Sales` (`idTransaction`, `idWaktu`, `idDrug`, `idPatient`, `idLocation`, `idPharmacist`) VALUES (424, 14, 2, 9, 2, 12);
INSERT INTO `mydb`.`Fact_Sales` (`idTransaction`, `idWaktu`, `idDrug`, `idPatient`, `idLocation`, `idPharmacist`) VALUES (425, 15, 2, 9, 2, 12);
INSERT INTO `mydb`.`Fact_Sales` (`idTransaction`, `idWaktu`, `idDrug`, `idPatient`, `idLocation`, `idPharmacist`) VALUES (426, 16, 2, 9, 2, 12);
INSERT INTO `mydb`.`Fact_Sales` (`idTransaction`, `idWaktu`, `idDrug`, `idPatient`, `idLocation`, `idPharmacist`) VALUES (427, 11, 2, 9, 2, 12);
INSERT INTO `mydb`.`Fact_Sales` (`idTransaction`, `idWaktu`, `idDrug`, `idPatient`, `idLocation`, `idPharmacist`) VALUES (428, 12, 2, 9, 2, 12);
INSERT INTO `mydb`.`Fact_Sales` (`idTransaction`, `idWaktu`, `idDrug`, `idPatient`, `idLocation`, `idPharmacist`) VALUES (429, 13, 2, 9, 2, 12);
INSERT INTO `mydb`.`Fact_Sales` (`idTransaction`, `idWaktu`, `idDrug`, `idPatient`, `idLocation`, `idPharmacist`) VALUES (430, 14, 2, 9, 2, 12);
INSERT INTO `mydb`.`Fact_Sales` (`idTransaction`, `idWaktu`, `idDrug`, `idPatient`, `idLocation`, `idPharmacist`) VALUES (431, 15, 2, 9, 2, 12);
INSERT INTO `mydb`.`Fact_Sales` (`idTransaction`, `idWaktu`, `idDrug`, `idPatient`, `idLocation`, `idPharmacist`) VALUES (432, 16, 2, 9, 2, 12);
INSERT INTO `mydb`.`Fact_Sales` (`idTransaction`, `idWaktu`, `idDrug`, `idPatient`, `idLocation`, `idPharmacist`) VALUES (433, 11, 2, 9, 2, 12);
INSERT INTO `mydb`.`Fact_Sales` (`idTransaction`, `idWaktu`, `idDrug`, `idPatient`, `idLocation`, `idPharmacist`) VALUES (434, 12, 2, 9, 2, 12);
INSERT INTO `mydb`.`Fact_Sales` (`idTransaction`, `idWaktu`, `idDrug`, `idPatient`, `idLocation`, `idPharmacist`) VALUES (435, 13, 2, 9, 2, 12);
INSERT INTO `mydb`.`Fact_Sales` (`idTransaction`, `idWaktu`, `idDrug`, `idPatient`, `idLocation`, `idPharmacist`) VALUES (436, 14, 2, 9, 2, 12);
INSERT INTO `mydb`.`Fact_Sales` (`idTransaction`, `idWaktu`, `idDrug`, `idPatient`, `idLocation`, `idPharmacist`) VALUES (437, 15, 2, 9, 2, 12);
INSERT INTO `mydb`.`Fact_Sales` (`idTransaction`, `idWaktu`, `idDrug`, `idPatient`, `idLocation`, `idPharmacist`) VALUES (438, 16, 2, 9, 2, 12);
INSERT INTO `mydb`.`Fact_Sales` (`idTransaction`, `idWaktu`, `idDrug`, `idPatient`, `idLocation`, `idPharmacist`) VALUES (439, 11, 2, 9, 2, 12);
INSERT INTO `mydb`.`Fact_Sales` (`idTransaction`, `idWaktu`, `idDrug`, `idPatient`, `idLocation`, `idPharmacist`) VALUES (440, 12, 2, 9, 2, 12);
INSERT INTO `mydb`.`Fact_Sales` (`idTransaction`, `idWaktu`, `idDrug`, `idPatient`, `idLocation`, `idPharmacist`) VALUES (441, 13, 2, 9, 2, 12);
INSERT INTO `mydb`.`Fact_Sales` (`idTransaction`, `idWaktu`, `idDrug`, `idPatient`, `idLocation`, `idPharmacist`) VALUES (442, 14, 2, 9, 2, 12);
INSERT INTO `mydb`.`Fact_Sales` (`idTransaction`, `idWaktu`, `idDrug`, `idPatient`, `idLocation`, `idPharmacist`) VALUES (443, 15, 2, 9, 2, 12);
INSERT INTO `mydb`.`Fact_Sales` (`idTransaction`, `idWaktu`, `idDrug`, `idPatient`, `idLocation`, `idPharmacist`) VALUES (444, 16, 2, 9, 2, 12);
INSERT INTO `mydb`.`Fact_Sales` (`idTransaction`, `idWaktu`, `idDrug`, `idPatient`, `idLocation`, `idPharmacist`) VALUES (445, 11, 2, 9, 2, 12);
INSERT INTO `mydb`.`Fact_Sales` (`idTransaction`, `idWaktu`, `idDrug`, `idPatient`, `idLocation`, `idPharmacist`) VALUES (446, 12, 2, 9, 2, 12);
INSERT INTO `mydb`.`Fact_Sales` (`idTransaction`, `idWaktu`, `idDrug`, `idPatient`, `idLocation`, `idPharmacist`) VALUES (447, 13, 2, 9, 2, 12);
INSERT INTO `mydb`.`Fact_Sales` (`idTransaction`, `idWaktu`, `idDrug`, `idPatient`, `idLocation`, `idPharmacist`) VALUES (448, 14, 2, 9, 2, 12);
INSERT INTO `mydb`.`Fact_Sales` (`idTransaction`, `idWaktu`, `idDrug`, `idPatient`, `idLocation`, `idPharmacist`) VALUES (449, 15, 2, 9, 2, 12);
INSERT INTO `mydb`.`Fact_Sales` (`idTransaction`, `idWaktu`, `idDrug`, `idPatient`, `idLocation`, `idPharmacist`) VALUES (450, 16, 2, 9, 2, 12);
INSERT INTO `mydb`.`Fact_Sales` (`idTransaction`, `idWaktu`, `idDrug`, `idPatient`, `idLocation`, `idPharmacist`) VALUES (451, 11, 2, 9, 2, 14);
INSERT INTO `mydb`.`Fact_Sales` (`idTransaction`, `idWaktu`, `idDrug`, `idPatient`, `idLocation`, `idPharmacist`) VALUES (452, 12, 2, 9, 2, 14);
INSERT INTO `mydb`.`Fact_Sales` (`idTransaction`, `idWaktu`, `idDrug`, `idPatient`, `idLocation`, `idPharmacist`) VALUES (453, 13, 2, 9, 2, 14);
INSERT INTO `mydb`.`Fact_Sales` (`idTransaction`, `idWaktu`, `idDrug`, `idPatient`, `idLocation`, `idPharmacist`) VALUES (454, 14, 2, 9, 2, 14);
INSERT INTO `mydb`.`Fact_Sales` (`idTransaction`, `idWaktu`, `idDrug`, `idPatient`, `idLocation`, `idPharmacist`) VALUES (455, 15, 2, 9, 2, 14);
INSERT INTO `mydb`.`Fact_Sales` (`idTransaction`, `idWaktu`, `idDrug`, `idPatient`, `idLocation`, `idPharmacist`) VALUES (456, 16, 2, 9, 2, 14);
INSERT INTO `mydb`.`Fact_Sales` (`idTransaction`, `idWaktu`, `idDrug`, `idPatient`, `idLocation`, `idPharmacist`) VALUES (457, 11, 2, 9, 2, 14);
INSERT INTO `mydb`.`Fact_Sales` (`idTransaction`, `idWaktu`, `idDrug`, `idPatient`, `idLocation`, `idPharmacist`) VALUES (458, 12, 2, 9, 2, 14);
INSERT INTO `mydb`.`Fact_Sales` (`idTransaction`, `idWaktu`, `idDrug`, `idPatient`, `idLocation`, `idPharmacist`) VALUES (459, 13, 2, 9, 2, 14);
INSERT INTO `mydb`.`Fact_Sales` (`idTransaction`, `idWaktu`, `idDrug`, `idPatient`, `idLocation`, `idPharmacist`) VALUES (460, 14, 2, 9, 2, 14);
INSERT INTO `mydb`.`Fact_Sales` (`idTransaction`, `idWaktu`, `idDrug`, `idPatient`, `idLocation`, `idPharmacist`) VALUES (461, 15, 2, 9, 2, 14);
INSERT INTO `mydb`.`Fact_Sales` (`idTransaction`, `idWaktu`, `idDrug`, `idPatient`, `idLocation`, `idPharmacist`) VALUES (462, 16, 2, 9, 2, 14);
INSERT INTO `mydb`.`Fact_Sales` (`idTransaction`, `idWaktu`, `idDrug`, `idPatient`, `idLocation`, `idPharmacist`) VALUES (463, 11, 2, 9, 2, 14);
INSERT INTO `mydb`.`Fact_Sales` (`idTransaction`, `idWaktu`, `idDrug`, `idPatient`, `idLocation`, `idPharmacist`) VALUES (464, 12, 2, 9, 2, 14);
INSERT INTO `mydb`.`Fact_Sales` (`idTransaction`, `idWaktu`, `idDrug`, `idPatient`, `idLocation`, `idPharmacist`) VALUES (465, 13, 2, 9, 2, 14);
INSERT INTO `mydb`.`Fact_Sales` (`idTransaction`, `idWaktu`, `idDrug`, `idPatient`, `idLocation`, `idPharmacist`) VALUES (466, 14, 2, 9, 2, 14);
INSERT INTO `mydb`.`Fact_Sales` (`idTransaction`, `idWaktu`, `idDrug`, `idPatient`, `idLocation`, `idPharmacist`) VALUES (467, 15, 2, 9, 2, 14);
INSERT INTO `mydb`.`Fact_Sales` (`idTransaction`, `idWaktu`, `idDrug`, `idPatient`, `idLocation`, `idPharmacist`) VALUES (468, 16, 2, 9, 2, 14);
INSERT INTO `mydb`.`Fact_Sales` (`idTransaction`, `idWaktu`, `idDrug`, `idPatient`, `idLocation`, `idPharmacist`) VALUES (469, 11, 2, 9, 2, 14);
INSERT INTO `mydb`.`Fact_Sales` (`idTransaction`, `idWaktu`, `idDrug`, `idPatient`, `idLocation`, `idPharmacist`) VALUES (470, 12, 2, 9, 2, 14);
INSERT INTO `mydb`.`Fact_Sales` (`idTransaction`, `idWaktu`, `idDrug`, `idPatient`, `idLocation`, `idPharmacist`) VALUES (471, 13, 2, 9, 2, 14);
INSERT INTO `mydb`.`Fact_Sales` (`idTransaction`, `idWaktu`, `idDrug`, `idPatient`, `idLocation`, `idPharmacist`) VALUES (472, 14, 2, 9, 2, 14);
INSERT INTO `mydb`.`Fact_Sales` (`idTransaction`, `idWaktu`, `idDrug`, `idPatient`, `idLocation`, `idPharmacist`) VALUES (473, 15, 2, 9, 2, 14);
INSERT INTO `mydb`.`Fact_Sales` (`idTransaction`, `idWaktu`, `idDrug`, `idPatient`, `idLocation`, `idPharmacist`) VALUES (474, 16, 2, 9, 2, 14);
INSERT INTO `mydb`.`Fact_Sales` (`idTransaction`, `idWaktu`, `idDrug`, `idPatient`, `idLocation`, `idPharmacist`) VALUES (475, 11, 2, 9, 2, 14);
INSERT INTO `mydb`.`Fact_Sales` (`idTransaction`, `idWaktu`, `idDrug`, `idPatient`, `idLocation`, `idPharmacist`) VALUES (476, 5, 3, 11, 3, 14);
INSERT INTO `mydb`.`Fact_Sales` (`idTransaction`, `idWaktu`, `idDrug`, `idPatient`, `idLocation`, `idPharmacist`) VALUES (477, 6, 3, 11, 3, 14);
INSERT INTO `mydb`.`Fact_Sales` (`idTransaction`, `idWaktu`, `idDrug`, `idPatient`, `idLocation`, `idPharmacist`) VALUES (478, 7, 3, 11, 3, 14);
INSERT INTO `mydb`.`Fact_Sales` (`idTransaction`, `idWaktu`, `idDrug`, `idPatient`, `idLocation`, `idPharmacist`) VALUES (479, 8, 3, 11, 3, 14);
INSERT INTO `mydb`.`Fact_Sales` (`idTransaction`, `idWaktu`, `idDrug`, `idPatient`, `idLocation`, `idPharmacist`) VALUES (480, 9, 3, 11, 3, 14);
INSERT INTO `mydb`.`Fact_Sales` (`idTransaction`, `idWaktu`, `idDrug`, `idPatient`, `idLocation`, `idPharmacist`) VALUES (481, 10, 3, 11, 3, 14);
INSERT INTO `mydb`.`Fact_Sales` (`idTransaction`, `idWaktu`, `idDrug`, `idPatient`, `idLocation`, `idPharmacist`) VALUES (482, 5, 3, 11, 3, 14);
INSERT INTO `mydb`.`Fact_Sales` (`idTransaction`, `idWaktu`, `idDrug`, `idPatient`, `idLocation`, `idPharmacist`) VALUES (483, 6, 3, 11, 3, 14);
INSERT INTO `mydb`.`Fact_Sales` (`idTransaction`, `idWaktu`, `idDrug`, `idPatient`, `idLocation`, `idPharmacist`) VALUES (484, 7, 3, 11, 3, 14);
INSERT INTO `mydb`.`Fact_Sales` (`idTransaction`, `idWaktu`, `idDrug`, `idPatient`, `idLocation`, `idPharmacist`) VALUES (485, 8, 3, 11, 3, 14);
INSERT INTO `mydb`.`Fact_Sales` (`idTransaction`, `idWaktu`, `idDrug`, `idPatient`, `idLocation`, `idPharmacist`) VALUES (486, 9, 3, 11, 3, 14);
INSERT INTO `mydb`.`Fact_Sales` (`idTransaction`, `idWaktu`, `idDrug`, `idPatient`, `idLocation`, `idPharmacist`) VALUES (487, 10, 3, 11, 3, 14);
INSERT INTO `mydb`.`Fact_Sales` (`idTransaction`, `idWaktu`, `idDrug`, `idPatient`, `idLocation`, `idPharmacist`) VALUES (488, 5, 3, 11, 3, 14);
INSERT INTO `mydb`.`Fact_Sales` (`idTransaction`, `idWaktu`, `idDrug`, `idPatient`, `idLocation`, `idPharmacist`) VALUES (489, 6, 3, 11, 3, 14);
INSERT INTO `mydb`.`Fact_Sales` (`idTransaction`, `idWaktu`, `idDrug`, `idPatient`, `idLocation`, `idPharmacist`) VALUES (490, 7, 3, 11, 3, 14);
INSERT INTO `mydb`.`Fact_Sales` (`idTransaction`, `idWaktu`, `idDrug`, `idPatient`, `idLocation`, `idPharmacist`) VALUES (491, 8, 3, 11, 3, 14);
INSERT INTO `mydb`.`Fact_Sales` (`idTransaction`, `idWaktu`, `idDrug`, `idPatient`, `idLocation`, `idPharmacist`) VALUES (492, 9, 3, 11, 3, 14);
INSERT INTO `mydb`.`Fact_Sales` (`idTransaction`, `idWaktu`, `idDrug`, `idPatient`, `idLocation`, `idPharmacist`) VALUES (493, 10, 3, 11, 3, 14);
INSERT INTO `mydb`.`Fact_Sales` (`idTransaction`, `idWaktu`, `idDrug`, `idPatient`, `idLocation`, `idPharmacist`) VALUES (494, 5, 3, 11, 3, 14);
INSERT INTO `mydb`.`Fact_Sales` (`idTransaction`, `idWaktu`, `idDrug`, `idPatient`, `idLocation`, `idPharmacist`) VALUES (495, 6, 3, 11, 3, 14);
INSERT INTO `mydb`.`Fact_Sales` (`idTransaction`, `idWaktu`, `idDrug`, `idPatient`, `idLocation`, `idPharmacist`) VALUES (496, 7, 3, 11, 3, 14);
INSERT INTO `mydb`.`Fact_Sales` (`idTransaction`, `idWaktu`, `idDrug`, `idPatient`, `idLocation`, `idPharmacist`) VALUES (497, 8, 3, 11, 3, 14);
INSERT INTO `mydb`.`Fact_Sales` (`idTransaction`, `idWaktu`, `idDrug`, `idPatient`, `idLocation`, `idPharmacist`) VALUES (498, 9, 3, 11, 3, 14);
INSERT INTO `mydb`.`Fact_Sales` (`idTransaction`, `idWaktu`, `idDrug`, `idPatient`, `idLocation`, `idPharmacist`) VALUES (499, 10, 3, 11, 3, 14);
INSERT INTO `mydb`.`Fact_Sales` (`idTransaction`, `idWaktu`, `idDrug`, `idPatient`, `idLocation`, `idPharmacist`) VALUES (500, 5, 3, 11, 3, 14);
INSERT INTO `mydb`.`Fact_Sales` (`idTransaction`, `idWaktu`, `idDrug`, `idPatient`, `idLocation`, `idPharmacist`) VALUES (501, 6, 3, 11, 3, 1);
INSERT INTO `mydb`.`Fact_Sales` (`idTransaction`, `idWaktu`, `idDrug`, `idPatient`, `idLocation`, `idPharmacist`) VALUES (502, 7, 3, 11, 3, 1);
INSERT INTO `mydb`.`Fact_Sales` (`idTransaction`, `idWaktu`, `idDrug`, `idPatient`, `idLocation`, `idPharmacist`) VALUES (503, 8, 3, 11, 3, 1);
INSERT INTO `mydb`.`Fact_Sales` (`idTransaction`, `idWaktu`, `idDrug`, `idPatient`, `idLocation`, `idPharmacist`) VALUES (504, 9, 3, 11, 3, 1);
INSERT INTO `mydb`.`Fact_Sales` (`idTransaction`, `idWaktu`, `idDrug`, `idPatient`, `idLocation`, `idPharmacist`) VALUES (505, 10, 3, 11, 3, 1);
INSERT INTO `mydb`.`Fact_Sales` (`idTransaction`, `idWaktu`, `idDrug`, `idPatient`, `idLocation`, `idPharmacist`) VALUES (506, 5, 3, 11, 3, 1);
INSERT INTO `mydb`.`Fact_Sales` (`idTransaction`, `idWaktu`, `idDrug`, `idPatient`, `idLocation`, `idPharmacist`) VALUES (507, 6, 3, 11, 3, 1);
INSERT INTO `mydb`.`Fact_Sales` (`idTransaction`, `idWaktu`, `idDrug`, `idPatient`, `idLocation`, `idPharmacist`) VALUES (508, 7, 3, 11, 3, 1);
INSERT INTO `mydb`.`Fact_Sales` (`idTransaction`, `idWaktu`, `idDrug`, `idPatient`, `idLocation`, `idPharmacist`) VALUES (509, 8, 3, 11, 3, 1);
INSERT INTO `mydb`.`Fact_Sales` (`idTransaction`, `idWaktu`, `idDrug`, `idPatient`, `idLocation`, `idPharmacist`) VALUES (510, 9, 3, 11, 3, 1);
INSERT INTO `mydb`.`Fact_Sales` (`idTransaction`, `idWaktu`, `idDrug`, `idPatient`, `idLocation`, `idPharmacist`) VALUES (511, 10, 3, 11, 3, 1);
INSERT INTO `mydb`.`Fact_Sales` (`idTransaction`, `idWaktu`, `idDrug`, `idPatient`, `idLocation`, `idPharmacist`) VALUES (512, 5, 3, 11, 3, 1);
INSERT INTO `mydb`.`Fact_Sales` (`idTransaction`, `idWaktu`, `idDrug`, `idPatient`, `idLocation`, `idPharmacist`) VALUES (513, 6, 3, 11, 3, 1);
INSERT INTO `mydb`.`Fact_Sales` (`idTransaction`, `idWaktu`, `idDrug`, `idPatient`, `idLocation`, `idPharmacist`) VALUES (514, 7, 3, 11, 3, 1);
INSERT INTO `mydb`.`Fact_Sales` (`idTransaction`, `idWaktu`, `idDrug`, `idPatient`, `idLocation`, `idPharmacist`) VALUES (515, 8, 3, 11, 3, 1);
INSERT INTO `mydb`.`Fact_Sales` (`idTransaction`, `idWaktu`, `idDrug`, `idPatient`, `idLocation`, `idPharmacist`) VALUES (516, 9, 3, 11, 3, 1);
INSERT INTO `mydb`.`Fact_Sales` (`idTransaction`, `idWaktu`, `idDrug`, `idPatient`, `idLocation`, `idPharmacist`) VALUES (517, 10, 3, 11, 3, 1);
INSERT INTO `mydb`.`Fact_Sales` (`idTransaction`, `idWaktu`, `idDrug`, `idPatient`, `idLocation`, `idPharmacist`) VALUES (518, 5, 3, 11, 3, 1);
INSERT INTO `mydb`.`Fact_Sales` (`idTransaction`, `idWaktu`, `idDrug`, `idPatient`, `idLocation`, `idPharmacist`) VALUES (519, 6, 3, 11, 3, 1);
INSERT INTO `mydb`.`Fact_Sales` (`idTransaction`, `idWaktu`, `idDrug`, `idPatient`, `idLocation`, `idPharmacist`) VALUES (520, 7, 3, 11, 3, 1);
INSERT INTO `mydb`.`Fact_Sales` (`idTransaction`, `idWaktu`, `idDrug`, `idPatient`, `idLocation`, `idPharmacist`) VALUES (521, 8, 3, 11, 3, 1);
INSERT INTO `mydb`.`Fact_Sales` (`idTransaction`, `idWaktu`, `idDrug`, `idPatient`, `idLocation`, `idPharmacist`) VALUES (522, 9, 3, 11, 3, 1);
INSERT INTO `mydb`.`Fact_Sales` (`idTransaction`, `idWaktu`, `idDrug`, `idPatient`, `idLocation`, `idPharmacist`) VALUES (523, 10, 3, 11, 3, 1);
INSERT INTO `mydb`.`Fact_Sales` (`idTransaction`, `idWaktu`, `idDrug`, `idPatient`, `idLocation`, `idPharmacist`) VALUES (524, 5, 3, 11, 3, 1);
INSERT INTO `mydb`.`Fact_Sales` (`idTransaction`, `idWaktu`, `idDrug`, `idPatient`, `idLocation`, `idPharmacist`) VALUES (525, 6, 3, 11, 3, 1);
INSERT INTO `mydb`.`Fact_Sales` (`idTransaction`, `idWaktu`, `idDrug`, `idPatient`, `idLocation`, `idPharmacist`) VALUES (526, 7, 3, 11, 3, 1);
INSERT INTO `mydb`.`Fact_Sales` (`idTransaction`, `idWaktu`, `idDrug`, `idPatient`, `idLocation`, `idPharmacist`) VALUES (527, 8, 3, 11, 3, 1);
INSERT INTO `mydb`.`Fact_Sales` (`idTransaction`, `idWaktu`, `idDrug`, `idPatient`, `idLocation`, `idPharmacist`) VALUES (528, 9, 3, 11, 3, 1);
INSERT INTO `mydb`.`Fact_Sales` (`idTransaction`, `idWaktu`, `idDrug`, `idPatient`, `idLocation`, `idPharmacist`) VALUES (529, 10, 3, 11, 3, 1);
INSERT INTO `mydb`.`Fact_Sales` (`idTransaction`, `idWaktu`, `idDrug`, `idPatient`, `idLocation`, `idPharmacist`) VALUES (530, 5, 3, 11, 3, 1);
INSERT INTO `mydb`.`Fact_Sales` (`idTransaction`, `idWaktu`, `idDrug`, `idPatient`, `idLocation`, `idPharmacist`) VALUES (531, 6, 3, 11, 3, 1);
INSERT INTO `mydb`.`Fact_Sales` (`idTransaction`, `idWaktu`, `idDrug`, `idPatient`, `idLocation`, `idPharmacist`) VALUES (532, 7, 3, 11, 3, 1);
INSERT INTO `mydb`.`Fact_Sales` (`idTransaction`, `idWaktu`, `idDrug`, `idPatient`, `idLocation`, `idPharmacist`) VALUES (533, 8, 3, 11, 3, 1);
INSERT INTO `mydb`.`Fact_Sales` (`idTransaction`, `idWaktu`, `idDrug`, `idPatient`, `idLocation`, `idPharmacist`) VALUES (534, 9, 3, 11, 3, 1);
INSERT INTO `mydb`.`Fact_Sales` (`idTransaction`, `idWaktu`, `idDrug`, `idPatient`, `idLocation`, `idPharmacist`) VALUES (535, 10, 3, 11, 3, 1);
INSERT INTO `mydb`.`Fact_Sales` (`idTransaction`, `idWaktu`, `idDrug`, `idPatient`, `idLocation`, `idPharmacist`) VALUES (536, 5, 3, 11, 3, 1);
INSERT INTO `mydb`.`Fact_Sales` (`idTransaction`, `idWaktu`, `idDrug`, `idPatient`, `idLocation`, `idPharmacist`) VALUES (537, 6, 3, 11, 3, 1);
INSERT INTO `mydb`.`Fact_Sales` (`idTransaction`, `idWaktu`, `idDrug`, `idPatient`, `idLocation`, `idPharmacist`) VALUES (538, 7, 3, 11, 3, 1);
INSERT INTO `mydb`.`Fact_Sales` (`idTransaction`, `idWaktu`, `idDrug`, `idPatient`, `idLocation`, `idPharmacist`) VALUES (539, 8, 3, 11, 3, 1);
INSERT INTO `mydb`.`Fact_Sales` (`idTransaction`, `idWaktu`, `idDrug`, `idPatient`, `idLocation`, `idPharmacist`) VALUES (540, 9, 3, 11, 3, 1);
INSERT INTO `mydb`.`Fact_Sales` (`idTransaction`, `idWaktu`, `idDrug`, `idPatient`, `idLocation`, `idPharmacist`) VALUES (541, 10, 3, 11, 3, 1);
INSERT INTO `mydb`.`Fact_Sales` (`idTransaction`, `idWaktu`, `idDrug`, `idPatient`, `idLocation`, `idPharmacist`) VALUES (542, 5, 3, 11, 3, 1);
INSERT INTO `mydb`.`Fact_Sales` (`idTransaction`, `idWaktu`, `idDrug`, `idPatient`, `idLocation`, `idPharmacist`) VALUES (543, 6, 3, 11, 3, 1);
INSERT INTO `mydb`.`Fact_Sales` (`idTransaction`, `idWaktu`, `idDrug`, `idPatient`, `idLocation`, `idPharmacist`) VALUES (544, 7, 3, 11, 3, 1);
INSERT INTO `mydb`.`Fact_Sales` (`idTransaction`, `idWaktu`, `idDrug`, `idPatient`, `idLocation`, `idPharmacist`) VALUES (545, 8, 3, 11, 3, 1);
INSERT INTO `mydb`.`Fact_Sales` (`idTransaction`, `idWaktu`, `idDrug`, `idPatient`, `idLocation`, `idPharmacist`) VALUES (546, 9, 3, 11, 3, 1);
INSERT INTO `mydb`.`Fact_Sales` (`idTransaction`, `idWaktu`, `idDrug`, `idPatient`, `idLocation`, `idPharmacist`) VALUES (547, 10, 3, 11, 3, 1);
INSERT INTO `mydb`.`Fact_Sales` (`idTransaction`, `idWaktu`, `idDrug`, `idPatient`, `idLocation`, `idPharmacist`) VALUES (548, 5, 3, 11, 3, 1);
INSERT INTO `mydb`.`Fact_Sales` (`idTransaction`, `idWaktu`, `idDrug`, `idPatient`, `idLocation`, `idPharmacist`) VALUES (549, 6, 3, 11, 3, 1);
INSERT INTO `mydb`.`Fact_Sales` (`idTransaction`, `idWaktu`, `idDrug`, `idPatient`, `idLocation`, `idPharmacist`) VALUES (550, 7, 3, 11, 3, 1);
INSERT INTO `mydb`.`Fact_Sales` (`idTransaction`, `idWaktu`, `idDrug`, `idPatient`, `idLocation`, `idPharmacist`) VALUES (551, 8, 3, 11, 3, 7);
INSERT INTO `mydb`.`Fact_Sales` (`idTransaction`, `idWaktu`, `idDrug`, `idPatient`, `idLocation`, `idPharmacist`) VALUES (552, 9, 3, 11, 3, 7);
INSERT INTO `mydb`.`Fact_Sales` (`idTransaction`, `idWaktu`, `idDrug`, `idPatient`, `idLocation`, `idPharmacist`) VALUES (553, 10, 3, 11, 3, 7);
INSERT INTO `mydb`.`Fact_Sales` (`idTransaction`, `idWaktu`, `idDrug`, `idPatient`, `idLocation`, `idPharmacist`) VALUES (554, 5, 3, 11, 3, 7);
INSERT INTO `mydb`.`Fact_Sales` (`idTransaction`, `idWaktu`, `idDrug`, `idPatient`, `idLocation`, `idPharmacist`) VALUES (555, 6, 3, 11, 3, 7);
INSERT INTO `mydb`.`Fact_Sales` (`idTransaction`, `idWaktu`, `idDrug`, `idPatient`, `idLocation`, `idPharmacist`) VALUES (556, 26, 4, 15, 4, 7);
INSERT INTO `mydb`.`Fact_Sales` (`idTransaction`, `idWaktu`, `idDrug`, `idPatient`, `idLocation`, `idPharmacist`) VALUES (557, 27, 4, 15, 4, 7);
INSERT INTO `mydb`.`Fact_Sales` (`idTransaction`, `idWaktu`, `idDrug`, `idPatient`, `idLocation`, `idPharmacist`) VALUES (558, 28, 4, 15, 4, 7);
INSERT INTO `mydb`.`Fact_Sales` (`idTransaction`, `idWaktu`, `idDrug`, `idPatient`, `idLocation`, `idPharmacist`) VALUES (559, 29, 4, 15, 4, 7);
INSERT INTO `mydb`.`Fact_Sales` (`idTransaction`, `idWaktu`, `idDrug`, `idPatient`, `idLocation`, `idPharmacist`) VALUES (560, 30, 4, 15, 4, 7);
INSERT INTO `mydb`.`Fact_Sales` (`idTransaction`, `idWaktu`, `idDrug`, `idPatient`, `idLocation`, `idPharmacist`) VALUES (561, 31, 4, 15, 4, 7);
INSERT INTO `mydb`.`Fact_Sales` (`idTransaction`, `idWaktu`, `idDrug`, `idPatient`, `idLocation`, `idPharmacist`) VALUES (562, 32, 4, 15, 4, 7);
INSERT INTO `mydb`.`Fact_Sales` (`idTransaction`, `idWaktu`, `idDrug`, `idPatient`, `idLocation`, `idPharmacist`) VALUES (563, 26, 4, 15, 4, 7);
INSERT INTO `mydb`.`Fact_Sales` (`idTransaction`, `idWaktu`, `idDrug`, `idPatient`, `idLocation`, `idPharmacist`) VALUES (564, 27, 4, 15, 4, 7);
INSERT INTO `mydb`.`Fact_Sales` (`idTransaction`, `idWaktu`, `idDrug`, `idPatient`, `idLocation`, `idPharmacist`) VALUES (565, 28, 4, 15, 4, 7);
INSERT INTO `mydb`.`Fact_Sales` (`idTransaction`, `idWaktu`, `idDrug`, `idPatient`, `idLocation`, `idPharmacist`) VALUES (566, 29, 4, 15, 4, 7);
INSERT INTO `mydb`.`Fact_Sales` (`idTransaction`, `idWaktu`, `idDrug`, `idPatient`, `idLocation`, `idPharmacist`) VALUES (567, 30, 4, 15, 4, 7);
INSERT INTO `mydb`.`Fact_Sales` (`idTransaction`, `idWaktu`, `idDrug`, `idPatient`, `idLocation`, `idPharmacist`) VALUES (568, 31, 4, 15, 4, 7);
INSERT INTO `mydb`.`Fact_Sales` (`idTransaction`, `idWaktu`, `idDrug`, `idPatient`, `idLocation`, `idPharmacist`) VALUES (569, 32, 4, 15, 4, 7);
INSERT INTO `mydb`.`Fact_Sales` (`idTransaction`, `idWaktu`, `idDrug`, `idPatient`, `idLocation`, `idPharmacist`) VALUES (570, 26, 4, 15, 4, 7);
INSERT INTO `mydb`.`Fact_Sales` (`idTransaction`, `idWaktu`, `idDrug`, `idPatient`, `idLocation`, `idPharmacist`) VALUES (571, 27, 4, 15, 4, 7);
INSERT INTO `mydb`.`Fact_Sales` (`idTransaction`, `idWaktu`, `idDrug`, `idPatient`, `idLocation`, `idPharmacist`) VALUES (572, 28, 4, 15, 4, 7);
INSERT INTO `mydb`.`Fact_Sales` (`idTransaction`, `idWaktu`, `idDrug`, `idPatient`, `idLocation`, `idPharmacist`) VALUES (573, 29, 4, 15, 4, 7);
INSERT INTO `mydb`.`Fact_Sales` (`idTransaction`, `idWaktu`, `idDrug`, `idPatient`, `idLocation`, `idPharmacist`) VALUES (574, 30, 4, 15, 4, 7);
INSERT INTO `mydb`.`Fact_Sales` (`idTransaction`, `idWaktu`, `idDrug`, `idPatient`, `idLocation`, `idPharmacist`) VALUES (575, 31, 4, 15, 4, 7);
INSERT INTO `mydb`.`Fact_Sales` (`idTransaction`, `idWaktu`, `idDrug`, `idPatient`, `idLocation`, `idPharmacist`) VALUES (576, 32, 4, 15, 4, 7);
INSERT INTO `mydb`.`Fact_Sales` (`idTransaction`, `idWaktu`, `idDrug`, `idPatient`, `idLocation`, `idPharmacist`) VALUES (577, 26, 4, 15, 4, 7);
INSERT INTO `mydb`.`Fact_Sales` (`idTransaction`, `idWaktu`, `idDrug`, `idPatient`, `idLocation`, `idPharmacist`) VALUES (578, 27, 4, 15, 4, 7);
INSERT INTO `mydb`.`Fact_Sales` (`idTransaction`, `idWaktu`, `idDrug`, `idPatient`, `idLocation`, `idPharmacist`) VALUES (579, 28, 4, 15, 4, 7);
INSERT INTO `mydb`.`Fact_Sales` (`idTransaction`, `idWaktu`, `idDrug`, `idPatient`, `idLocation`, `idPharmacist`) VALUES (580, 29, 4, 15, 4, 7);
INSERT INTO `mydb`.`Fact_Sales` (`idTransaction`, `idWaktu`, `idDrug`, `idPatient`, `idLocation`, `idPharmacist`) VALUES (581, 30, 4, 15, 4, 7);
INSERT INTO `mydb`.`Fact_Sales` (`idTransaction`, `idWaktu`, `idDrug`, `idPatient`, `idLocation`, `idPharmacist`) VALUES (582, 31, 4, 15, 4, 7);
INSERT INTO `mydb`.`Fact_Sales` (`idTransaction`, `idWaktu`, `idDrug`, `idPatient`, `idLocation`, `idPharmacist`) VALUES (583, 32, 4, 15, 4, 7);
INSERT INTO `mydb`.`Fact_Sales` (`idTransaction`, `idWaktu`, `idDrug`, `idPatient`, `idLocation`, `idPharmacist`) VALUES (584, 26, 4, 15, 4, 7);
INSERT INTO `mydb`.`Fact_Sales` (`idTransaction`, `idWaktu`, `idDrug`, `idPatient`, `idLocation`, `idPharmacist`) VALUES (585, 27, 4, 15, 4, 7);
INSERT INTO `mydb`.`Fact_Sales` (`idTransaction`, `idWaktu`, `idDrug`, `idPatient`, `idLocation`, `idPharmacist`) VALUES (586, 28, 4, 15, 4, 7);
INSERT INTO `mydb`.`Fact_Sales` (`idTransaction`, `idWaktu`, `idDrug`, `idPatient`, `idLocation`, `idPharmacist`) VALUES (587, 29, 4, 15, 4, 7);
INSERT INTO `mydb`.`Fact_Sales` (`idTransaction`, `idWaktu`, `idDrug`, `idPatient`, `idLocation`, `idPharmacist`) VALUES (588, 30, 4, 15, 4, 7);
INSERT INTO `mydb`.`Fact_Sales` (`idTransaction`, `idWaktu`, `idDrug`, `idPatient`, `idLocation`, `idPharmacist`) VALUES (589, 31, 4, 15, 4, 7);
INSERT INTO `mydb`.`Fact_Sales` (`idTransaction`, `idWaktu`, `idDrug`, `idPatient`, `idLocation`, `idPharmacist`) VALUES (590, 32, 4, 15, 4, 7);
INSERT INTO `mydb`.`Fact_Sales` (`idTransaction`, `idWaktu`, `idDrug`, `idPatient`, `idLocation`, `idPharmacist`) VALUES (591, 26, 4, 15, 4, 7);
INSERT INTO `mydb`.`Fact_Sales` (`idTransaction`, `idWaktu`, `idDrug`, `idPatient`, `idLocation`, `idPharmacist`) VALUES (592, 27, 4, 15, 4, 7);
INSERT INTO `mydb`.`Fact_Sales` (`idTransaction`, `idWaktu`, `idDrug`, `idPatient`, `idLocation`, `idPharmacist`) VALUES (593, 28, 4, 15, 4, 7);
INSERT INTO `mydb`.`Fact_Sales` (`idTransaction`, `idWaktu`, `idDrug`, `idPatient`, `idLocation`, `idPharmacist`) VALUES (594, 29, 4, 15, 4, 7);
INSERT INTO `mydb`.`Fact_Sales` (`idTransaction`, `idWaktu`, `idDrug`, `idPatient`, `idLocation`, `idPharmacist`) VALUES (595, 30, 4, 15, 4, 7);
INSERT INTO `mydb`.`Fact_Sales` (`idTransaction`, `idWaktu`, `idDrug`, `idPatient`, `idLocation`, `idPharmacist`) VALUES (596, 31, 4, 15, 4, 7);
INSERT INTO `mydb`.`Fact_Sales` (`idTransaction`, `idWaktu`, `idDrug`, `idPatient`, `idLocation`, `idPharmacist`) VALUES (597, 32, 4, 15, 4, 7);
INSERT INTO `mydb`.`Fact_Sales` (`idTransaction`, `idWaktu`, `idDrug`, `idPatient`, `idLocation`, `idPharmacist`) VALUES (598, 26, 4, 15, 4, 7);
INSERT INTO `mydb`.`Fact_Sales` (`idTransaction`, `idWaktu`, `idDrug`, `idPatient`, `idLocation`, `idPharmacist`) VALUES (599, 27, 4, 15, 4, 7);
INSERT INTO `mydb`.`Fact_Sales` (`idTransaction`, `idWaktu`, `idDrug`, `idPatient`, `idLocation`, `idPharmacist`) VALUES (600, 28, 4, 15, 4, 7);
INSERT INTO `mydb`.`Fact_Sales` (`idTransaction`, `idWaktu`, `idDrug`, `idPatient`, `idLocation`, `idPharmacist`) VALUES (601, 29, 4, 15, 4, 11);
INSERT INTO `mydb`.`Fact_Sales` (`idTransaction`, `idWaktu`, `idDrug`, `idPatient`, `idLocation`, `idPharmacist`) VALUES (602, 30, 4, 15, 4, 11);
INSERT INTO `mydb`.`Fact_Sales` (`idTransaction`, `idWaktu`, `idDrug`, `idPatient`, `idLocation`, `idPharmacist`) VALUES (603, 31, 4, 15, 4, 11);
INSERT INTO `mydb`.`Fact_Sales` (`idTransaction`, `idWaktu`, `idDrug`, `idPatient`, `idLocation`, `idPharmacist`) VALUES (604, 32, 4, 15, 4, 11);
INSERT INTO `mydb`.`Fact_Sales` (`idTransaction`, `idWaktu`, `idDrug`, `idPatient`, `idLocation`, `idPharmacist`) VALUES (605, 26, 4, 15, 4, 11);
INSERT INTO `mydb`.`Fact_Sales` (`idTransaction`, `idWaktu`, `idDrug`, `idPatient`, `idLocation`, `idPharmacist`) VALUES (606, 27, 4, 15, 4, 11);
INSERT INTO `mydb`.`Fact_Sales` (`idTransaction`, `idWaktu`, `idDrug`, `idPatient`, `idLocation`, `idPharmacist`) VALUES (607, 28, 4, 15, 4, 11);
INSERT INTO `mydb`.`Fact_Sales` (`idTransaction`, `idWaktu`, `idDrug`, `idPatient`, `idLocation`, `idPharmacist`) VALUES (608, 29, 4, 15, 4, 11);
INSERT INTO `mydb`.`Fact_Sales` (`idTransaction`, `idWaktu`, `idDrug`, `idPatient`, `idLocation`, `idPharmacist`) VALUES (609, 30, 4, 15, 4, 11);
INSERT INTO `mydb`.`Fact_Sales` (`idTransaction`, `idWaktu`, `idDrug`, `idPatient`, `idLocation`, `idPharmacist`) VALUES (610, 31, 4, 15, 4, 11);
INSERT INTO `mydb`.`Fact_Sales` (`idTransaction`, `idWaktu`, `idDrug`, `idPatient`, `idLocation`, `idPharmacist`) VALUES (611, 32, 4, 15, 4, 11);
INSERT INTO `mydb`.`Fact_Sales` (`idTransaction`, `idWaktu`, `idDrug`, `idPatient`, `idLocation`, `idPharmacist`) VALUES (612, 26, 4, 15, 4, 11);
INSERT INTO `mydb`.`Fact_Sales` (`idTransaction`, `idWaktu`, `idDrug`, `idPatient`, `idLocation`, `idPharmacist`) VALUES (613, 27, 4, 15, 4, 11);
INSERT INTO `mydb`.`Fact_Sales` (`idTransaction`, `idWaktu`, `idDrug`, `idPatient`, `idLocation`, `idPharmacist`) VALUES (614, 28, 4, 15, 4, 11);
INSERT INTO `mydb`.`Fact_Sales` (`idTransaction`, `idWaktu`, `idDrug`, `idPatient`, `idLocation`, `idPharmacist`) VALUES (615, 29, 4, 15, 4, 11);
INSERT INTO `mydb`.`Fact_Sales` (`idTransaction`, `idWaktu`, `idDrug`, `idPatient`, `idLocation`, `idPharmacist`) VALUES (616, 30, 5, 1, 5, 11);
INSERT INTO `mydb`.`Fact_Sales` (`idTransaction`, `idWaktu`, `idDrug`, `idPatient`, `idLocation`, `idPharmacist`) VALUES (617, 31, 5, 1, 5, 11);
INSERT INTO `mydb`.`Fact_Sales` (`idTransaction`, `idWaktu`, `idDrug`, `idPatient`, `idLocation`, `idPharmacist`) VALUES (618, 32, 5, 1, 5, 11);
INSERT INTO `mydb`.`Fact_Sales` (`idTransaction`, `idWaktu`, `idDrug`, `idPatient`, `idLocation`, `idPharmacist`) VALUES (619, 26, 5, 1, 5, 11);
INSERT INTO `mydb`.`Fact_Sales` (`idTransaction`, `idWaktu`, `idDrug`, `idPatient`, `idLocation`, `idPharmacist`) VALUES (620, 27, 5, 1, 5, 11);
INSERT INTO `mydb`.`Fact_Sales` (`idTransaction`, `idWaktu`, `idDrug`, `idPatient`, `idLocation`, `idPharmacist`) VALUES (621, 28, 5, 1, 5, 11);
INSERT INTO `mydb`.`Fact_Sales` (`idTransaction`, `idWaktu`, `idDrug`, `idPatient`, `idLocation`, `idPharmacist`) VALUES (622, 29, 5, 1, 5, 11);
INSERT INTO `mydb`.`Fact_Sales` (`idTransaction`, `idWaktu`, `idDrug`, `idPatient`, `idLocation`, `idPharmacist`) VALUES (623, 30, 5, 1, 5, 11);
INSERT INTO `mydb`.`Fact_Sales` (`idTransaction`, `idWaktu`, `idDrug`, `idPatient`, `idLocation`, `idPharmacist`) VALUES (624, 31, 5, 1, 5, 11);
INSERT INTO `mydb`.`Fact_Sales` (`idTransaction`, `idWaktu`, `idDrug`, `idPatient`, `idLocation`, `idPharmacist`) VALUES (625, 32, 5, 1, 5, 11);
INSERT INTO `mydb`.`Fact_Sales` (`idTransaction`, `idWaktu`, `idDrug`, `idPatient`, `idLocation`, `idPharmacist`) VALUES (626, 26, 5, 1, 5, 11);
INSERT INTO `mydb`.`Fact_Sales` (`idTransaction`, `idWaktu`, `idDrug`, `idPatient`, `idLocation`, `idPharmacist`) VALUES (627, 27, 5, 1, 5, 11);
INSERT INTO `mydb`.`Fact_Sales` (`idTransaction`, `idWaktu`, `idDrug`, `idPatient`, `idLocation`, `idPharmacist`) VALUES (628, 28, 5, 1, 5, 11);
INSERT INTO `mydb`.`Fact_Sales` (`idTransaction`, `idWaktu`, `idDrug`, `idPatient`, `idLocation`, `idPharmacist`) VALUES (629, 29, 5, 1, 5, 11);
INSERT INTO `mydb`.`Fact_Sales` (`idTransaction`, `idWaktu`, `idDrug`, `idPatient`, `idLocation`, `idPharmacist`) VALUES (630, 30, 5, 1, 5, 11);
INSERT INTO `mydb`.`Fact_Sales` (`idTransaction`, `idWaktu`, `idDrug`, `idPatient`, `idLocation`, `idPharmacist`) VALUES (631, 31, 5, 1, 5, 11);
INSERT INTO `mydb`.`Fact_Sales` (`idTransaction`, `idWaktu`, `idDrug`, `idPatient`, `idLocation`, `idPharmacist`) VALUES (632, 32, 5, 1, 5, 11);
INSERT INTO `mydb`.`Fact_Sales` (`idTransaction`, `idWaktu`, `idDrug`, `idPatient`, `idLocation`, `idPharmacist`) VALUES (633, 26, 5, 1, 5, 11);
INSERT INTO `mydb`.`Fact_Sales` (`idTransaction`, `idWaktu`, `idDrug`, `idPatient`, `idLocation`, `idPharmacist`) VALUES (634, 27, 5, 1, 5, 11);
INSERT INTO `mydb`.`Fact_Sales` (`idTransaction`, `idWaktu`, `idDrug`, `idPatient`, `idLocation`, `idPharmacist`) VALUES (635, 28, 5, 1, 5, 11);
INSERT INTO `mydb`.`Fact_Sales` (`idTransaction`, `idWaktu`, `idDrug`, `idPatient`, `idLocation`, `idPharmacist`) VALUES (636, 29, 5, 1, 5, 11);
INSERT INTO `mydb`.`Fact_Sales` (`idTransaction`, `idWaktu`, `idDrug`, `idPatient`, `idLocation`, `idPharmacist`) VALUES (637, 30, 5, 1, 5, 11);
INSERT INTO `mydb`.`Fact_Sales` (`idTransaction`, `idWaktu`, `idDrug`, `idPatient`, `idLocation`, `idPharmacist`) VALUES (638, 31, 5, 1, 5, 11);
INSERT INTO `mydb`.`Fact_Sales` (`idTransaction`, `idWaktu`, `idDrug`, `idPatient`, `idLocation`, `idPharmacist`) VALUES (639, 32, 5, 1, 5, 11);
INSERT INTO `mydb`.`Fact_Sales` (`idTransaction`, `idWaktu`, `idDrug`, `idPatient`, `idLocation`, `idPharmacist`) VALUES (640, 26, 5, 1, 5, 11);
INSERT INTO `mydb`.`Fact_Sales` (`idTransaction`, `idWaktu`, `idDrug`, `idPatient`, `idLocation`, `idPharmacist`) VALUES (641, 27, 5, 1, 5, 11);
INSERT INTO `mydb`.`Fact_Sales` (`idTransaction`, `idWaktu`, `idDrug`, `idPatient`, `idLocation`, `idPharmacist`) VALUES (642, 28, 5, 1, 5, 11);
INSERT INTO `mydb`.`Fact_Sales` (`idTransaction`, `idWaktu`, `idDrug`, `idPatient`, `idLocation`, `idPharmacist`) VALUES (643, 29, 5, 1, 5, 11);
INSERT INTO `mydb`.`Fact_Sales` (`idTransaction`, `idWaktu`, `idDrug`, `idPatient`, `idLocation`, `idPharmacist`) VALUES (644, 30, 5, 1, 5, 11);
INSERT INTO `mydb`.`Fact_Sales` (`idTransaction`, `idWaktu`, `idDrug`, `idPatient`, `idLocation`, `idPharmacist`) VALUES (645, 31, 5, 1, 5, 11);
INSERT INTO `mydb`.`Fact_Sales` (`idTransaction`, `idWaktu`, `idDrug`, `idPatient`, `idLocation`, `idPharmacist`) VALUES (646, 32, 5, 1, 5, 11);
INSERT INTO `mydb`.`Fact_Sales` (`idTransaction`, `idWaktu`, `idDrug`, `idPatient`, `idLocation`, `idPharmacist`) VALUES (647, 26, 5, 1, 5, 11);
INSERT INTO `mydb`.`Fact_Sales` (`idTransaction`, `idWaktu`, `idDrug`, `idPatient`, `idLocation`, `idPharmacist`) VALUES (648, 27, 5, 1, 5, 11);
INSERT INTO `mydb`.`Fact_Sales` (`idTransaction`, `idWaktu`, `idDrug`, `idPatient`, `idLocation`, `idPharmacist`) VALUES (649, 28, 5, 1, 5, 11);
INSERT INTO `mydb`.`Fact_Sales` (`idTransaction`, `idWaktu`, `idDrug`, `idPatient`, `idLocation`, `idPharmacist`) VALUES (650, 29, 5, 1, 5, 11);
INSERT INTO `mydb`.`Fact_Sales` (`idTransaction`, `idWaktu`, `idDrug`, `idPatient`, `idLocation`, `idPharmacist`) VALUES (651, 30, 5, 1, 5, 2);
INSERT INTO `mydb`.`Fact_Sales` (`idTransaction`, `idWaktu`, `idDrug`, `idPatient`, `idLocation`, `idPharmacist`) VALUES (652, 31, 5, 1, 5, 2);
INSERT INTO `mydb`.`Fact_Sales` (`idTransaction`, `idWaktu`, `idDrug`, `idPatient`, `idLocation`, `idPharmacist`) VALUES (653, 32, 5, 1, 5, 2);
INSERT INTO `mydb`.`Fact_Sales` (`idTransaction`, `idWaktu`, `idDrug`, `idPatient`, `idLocation`, `idPharmacist`) VALUES (654, 26, 5, 1, 5, 2);
INSERT INTO `mydb`.`Fact_Sales` (`idTransaction`, `idWaktu`, `idDrug`, `idPatient`, `idLocation`, `idPharmacist`) VALUES (655, 27, 5, 1, 5, 2);
INSERT INTO `mydb`.`Fact_Sales` (`idTransaction`, `idWaktu`, `idDrug`, `idPatient`, `idLocation`, `idPharmacist`) VALUES (656, 5, 6, 3, 6, 2);
INSERT INTO `mydb`.`Fact_Sales` (`idTransaction`, `idWaktu`, `idDrug`, `idPatient`, `idLocation`, `idPharmacist`) VALUES (657, 6, 6, 3, 6, 2);
INSERT INTO `mydb`.`Fact_Sales` (`idTransaction`, `idWaktu`, `idDrug`, `idPatient`, `idLocation`, `idPharmacist`) VALUES (658, 7, 6, 3, 6, 2);
INSERT INTO `mydb`.`Fact_Sales` (`idTransaction`, `idWaktu`, `idDrug`, `idPatient`, `idLocation`, `idPharmacist`) VALUES (659, 8, 6, 3, 6, 2);
INSERT INTO `mydb`.`Fact_Sales` (`idTransaction`, `idWaktu`, `idDrug`, `idPatient`, `idLocation`, `idPharmacist`) VALUES (660, 9, 6, 3, 6, 2);
INSERT INTO `mydb`.`Fact_Sales` (`idTransaction`, `idWaktu`, `idDrug`, `idPatient`, `idLocation`, `idPharmacist`) VALUES (661, 10, 6, 3, 6, 2);
INSERT INTO `mydb`.`Fact_Sales` (`idTransaction`, `idWaktu`, `idDrug`, `idPatient`, `idLocation`, `idPharmacist`) VALUES (662, 5, 6, 3, 6, 2);
INSERT INTO `mydb`.`Fact_Sales` (`idTransaction`, `idWaktu`, `idDrug`, `idPatient`, `idLocation`, `idPharmacist`) VALUES (663, 6, 6, 3, 6, 2);
INSERT INTO `mydb`.`Fact_Sales` (`idTransaction`, `idWaktu`, `idDrug`, `idPatient`, `idLocation`, `idPharmacist`) VALUES (664, 7, 6, 3, 6, 2);
INSERT INTO `mydb`.`Fact_Sales` (`idTransaction`, `idWaktu`, `idDrug`, `idPatient`, `idLocation`, `idPharmacist`) VALUES (665, 8, 6, 3, 6, 2);
INSERT INTO `mydb`.`Fact_Sales` (`idTransaction`, `idWaktu`, `idDrug`, `idPatient`, `idLocation`, `idPharmacist`) VALUES (666, 9, 6, 3, 6, 2);
INSERT INTO `mydb`.`Fact_Sales` (`idTransaction`, `idWaktu`, `idDrug`, `idPatient`, `idLocation`, `idPharmacist`) VALUES (667, 10, 6, 3, 6, 2);
INSERT INTO `mydb`.`Fact_Sales` (`idTransaction`, `idWaktu`, `idDrug`, `idPatient`, `idLocation`, `idPharmacist`) VALUES (668, 5, 6, 3, 6, 2);
INSERT INTO `mydb`.`Fact_Sales` (`idTransaction`, `idWaktu`, `idDrug`, `idPatient`, `idLocation`, `idPharmacist`) VALUES (669, 6, 6, 3, 6, 2);
INSERT INTO `mydb`.`Fact_Sales` (`idTransaction`, `idWaktu`, `idDrug`, `idPatient`, `idLocation`, `idPharmacist`) VALUES (670, 7, 6, 3, 6, 2);
INSERT INTO `mydb`.`Fact_Sales` (`idTransaction`, `idWaktu`, `idDrug`, `idPatient`, `idLocation`, `idPharmacist`) VALUES (671, 8, 6, 3, 6, 2);
INSERT INTO `mydb`.`Fact_Sales` (`idTransaction`, `idWaktu`, `idDrug`, `idPatient`, `idLocation`, `idPharmacist`) VALUES (672, 9, 6, 3, 6, 2);
INSERT INTO `mydb`.`Fact_Sales` (`idTransaction`, `idWaktu`, `idDrug`, `idPatient`, `idLocation`, `idPharmacist`) VALUES (673, 10, 6, 3, 6, 2);
INSERT INTO `mydb`.`Fact_Sales` (`idTransaction`, `idWaktu`, `idDrug`, `idPatient`, `idLocation`, `idPharmacist`) VALUES (674, 5, 6, 3, 6, 2);
INSERT INTO `mydb`.`Fact_Sales` (`idTransaction`, `idWaktu`, `idDrug`, `idPatient`, `idLocation`, `idPharmacist`) VALUES (675, 6, 6, 3, 6, 2);
INSERT INTO `mydb`.`Fact_Sales` (`idTransaction`, `idWaktu`, `idDrug`, `idPatient`, `idLocation`, `idPharmacist`) VALUES (676, 7, 6, 3, 6, 2);
INSERT INTO `mydb`.`Fact_Sales` (`idTransaction`, `idWaktu`, `idDrug`, `idPatient`, `idLocation`, `idPharmacist`) VALUES (677, 8, 6, 3, 6, 2);
INSERT INTO `mydb`.`Fact_Sales` (`idTransaction`, `idWaktu`, `idDrug`, `idPatient`, `idLocation`, `idPharmacist`) VALUES (678, 9, 6, 3, 6, 2);
INSERT INTO `mydb`.`Fact_Sales` (`idTransaction`, `idWaktu`, `idDrug`, `idPatient`, `idLocation`, `idPharmacist`) VALUES (679, 10, 6, 3, 6, 2);
INSERT INTO `mydb`.`Fact_Sales` (`idTransaction`, `idWaktu`, `idDrug`, `idPatient`, `idLocation`, `idPharmacist`) VALUES (680, 5, 6, 3, 6, 2);
INSERT INTO `mydb`.`Fact_Sales` (`idTransaction`, `idWaktu`, `idDrug`, `idPatient`, `idLocation`, `idPharmacist`) VALUES (681, 6, 6, 3, 6, 2);
INSERT INTO `mydb`.`Fact_Sales` (`idTransaction`, `idWaktu`, `idDrug`, `idPatient`, `idLocation`, `idPharmacist`) VALUES (682, 7, 6, 3, 6, 2);
INSERT INTO `mydb`.`Fact_Sales` (`idTransaction`, `idWaktu`, `idDrug`, `idPatient`, `idLocation`, `idPharmacist`) VALUES (683, 8, 6, 3, 6, 2);
INSERT INTO `mydb`.`Fact_Sales` (`idTransaction`, `idWaktu`, `idDrug`, `idPatient`, `idLocation`, `idPharmacist`) VALUES (684, 9, 6, 3, 6, 2);
INSERT INTO `mydb`.`Fact_Sales` (`idTransaction`, `idWaktu`, `idDrug`, `idPatient`, `idLocation`, `idPharmacist`) VALUES (685, 10, 6, 3, 6, 2);
INSERT INTO `mydb`.`Fact_Sales` (`idTransaction`, `idWaktu`, `idDrug`, `idPatient`, `idLocation`, `idPharmacist`) VALUES (686, 5, 7, 5, 7, 2);
INSERT INTO `mydb`.`Fact_Sales` (`idTransaction`, `idWaktu`, `idDrug`, `idPatient`, `idLocation`, `idPharmacist`) VALUES (687, 6, 7, 5, 7, 2);
INSERT INTO `mydb`.`Fact_Sales` (`idTransaction`, `idWaktu`, `idDrug`, `idPatient`, `idLocation`, `idPharmacist`) VALUES (688, 7, 7, 5, 7, 2);
INSERT INTO `mydb`.`Fact_Sales` (`idTransaction`, `idWaktu`, `idDrug`, `idPatient`, `idLocation`, `idPharmacist`) VALUES (689, 8, 7, 5, 7, 2);
INSERT INTO `mydb`.`Fact_Sales` (`idTransaction`, `idWaktu`, `idDrug`, `idPatient`, `idLocation`, `idPharmacist`) VALUES (690, 9, 7, 5, 7, 2);
INSERT INTO `mydb`.`Fact_Sales` (`idTransaction`, `idWaktu`, `idDrug`, `idPatient`, `idLocation`, `idPharmacist`) VALUES (691, 10, 7, 5, 7, 2);
INSERT INTO `mydb`.`Fact_Sales` (`idTransaction`, `idWaktu`, `idDrug`, `idPatient`, `idLocation`, `idPharmacist`) VALUES (692, 5, 7, 5, 7, 2);
INSERT INTO `mydb`.`Fact_Sales` (`idTransaction`, `idWaktu`, `idDrug`, `idPatient`, `idLocation`, `idPharmacist`) VALUES (693, 6, 7, 5, 7, 2);
INSERT INTO `mydb`.`Fact_Sales` (`idTransaction`, `idWaktu`, `idDrug`, `idPatient`, `idLocation`, `idPharmacist`) VALUES (694, 7, 7, 5, 7, 2);
INSERT INTO `mydb`.`Fact_Sales` (`idTransaction`, `idWaktu`, `idDrug`, `idPatient`, `idLocation`, `idPharmacist`) VALUES (695, 8, 7, 5, 7, 2);
INSERT INTO `mydb`.`Fact_Sales` (`idTransaction`, `idWaktu`, `idDrug`, `idPatient`, `idLocation`, `idPharmacist`) VALUES (696, 9, 7, 5, 7, 2);
INSERT INTO `mydb`.`Fact_Sales` (`idTransaction`, `idWaktu`, `idDrug`, `idPatient`, `idLocation`, `idPharmacist`) VALUES (697, 10, 7, 5, 7, 2);
INSERT INTO `mydb`.`Fact_Sales` (`idTransaction`, `idWaktu`, `idDrug`, `idPatient`, `idLocation`, `idPharmacist`) VALUES (698, 5, 7, 5, 7, 2);
INSERT INTO `mydb`.`Fact_Sales` (`idTransaction`, `idWaktu`, `idDrug`, `idPatient`, `idLocation`, `idPharmacist`) VALUES (699, 6, 7, 5, 7, 2);
INSERT INTO `mydb`.`Fact_Sales` (`idTransaction`, `idWaktu`, `idDrug`, `idPatient`, `idLocation`, `idPharmacist`) VALUES (700, 7, 7, 5, 7, 2);
INSERT INTO `mydb`.`Fact_Sales` (`idTransaction`, `idWaktu`, `idDrug`, `idPatient`, `idLocation`, `idPharmacist`) VALUES (701, 33, 8, 2, 8, 9);
INSERT INTO `mydb`.`Fact_Sales` (`idTransaction`, `idWaktu`, `idDrug`, `idPatient`, `idLocation`, `idPharmacist`) VALUES (702, 34, 8, 2, 8, 9);
INSERT INTO `mydb`.`Fact_Sales` (`idTransaction`, `idWaktu`, `idDrug`, `idPatient`, `idLocation`, `idPharmacist`) VALUES (703, 35, 8, 2, 8, 9);
INSERT INTO `mydb`.`Fact_Sales` (`idTransaction`, `idWaktu`, `idDrug`, `idPatient`, `idLocation`, `idPharmacist`) VALUES (704, 36, 8, 2, 8, 9);
INSERT INTO `mydb`.`Fact_Sales` (`idTransaction`, `idWaktu`, `idDrug`, `idPatient`, `idLocation`, `idPharmacist`) VALUES (705, 37, 8, 2, 8, 9);
INSERT INTO `mydb`.`Fact_Sales` (`idTransaction`, `idWaktu`, `idDrug`, `idPatient`, `idLocation`, `idPharmacist`) VALUES (706, 33, 8, 2, 8, 9);
INSERT INTO `mydb`.`Fact_Sales` (`idTransaction`, `idWaktu`, `idDrug`, `idPatient`, `idLocation`, `idPharmacist`) VALUES (707, 34, 8, 2, 8, 9);
INSERT INTO `mydb`.`Fact_Sales` (`idTransaction`, `idWaktu`, `idDrug`, `idPatient`, `idLocation`, `idPharmacist`) VALUES (708, 35, 8, 2, 8, 9);
INSERT INTO `mydb`.`Fact_Sales` (`idTransaction`, `idWaktu`, `idDrug`, `idPatient`, `idLocation`, `idPharmacist`) VALUES (709, 36, 8, 2, 8, 9);
INSERT INTO `mydb`.`Fact_Sales` (`idTransaction`, `idWaktu`, `idDrug`, `idPatient`, `idLocation`, `idPharmacist`) VALUES (710, 37, 8, 2, 8, 9);
INSERT INTO `mydb`.`Fact_Sales` (`idTransaction`, `idWaktu`, `idDrug`, `idPatient`, `idLocation`, `idPharmacist`) VALUES (711, 33, 8, 2, 8, 9);
INSERT INTO `mydb`.`Fact_Sales` (`idTransaction`, `idWaktu`, `idDrug`, `idPatient`, `idLocation`, `idPharmacist`) VALUES (712, 34, 8, 2, 8, 9);
INSERT INTO `mydb`.`Fact_Sales` (`idTransaction`, `idWaktu`, `idDrug`, `idPatient`, `idLocation`, `idPharmacist`) VALUES (713, 38, 9, 4, 9, 9);
INSERT INTO `mydb`.`Fact_Sales` (`idTransaction`, `idWaktu`, `idDrug`, `idPatient`, `idLocation`, `idPharmacist`) VALUES (714, 39, 9, 4, 9, 9);
INSERT INTO `mydb`.`Fact_Sales` (`idTransaction`, `idWaktu`, `idDrug`, `idPatient`, `idLocation`, `idPharmacist`) VALUES (715, 40, 9, 4, 9, 9);
INSERT INTO `mydb`.`Fact_Sales` (`idTransaction`, `idWaktu`, `idDrug`, `idPatient`, `idLocation`, `idPharmacist`) VALUES (716, 41, 9, 4, 9, 9);
INSERT INTO `mydb`.`Fact_Sales` (`idTransaction`, `idWaktu`, `idDrug`, `idPatient`, `idLocation`, `idPharmacist`) VALUES (717, 42, 9, 4, 9, 9);
INSERT INTO `mydb`.`Fact_Sales` (`idTransaction`, `idWaktu`, `idDrug`, `idPatient`, `idLocation`, `idPharmacist`) VALUES (718, 38, 9, 4, 9, 9);
INSERT INTO `mydb`.`Fact_Sales` (`idTransaction`, `idWaktu`, `idDrug`, `idPatient`, `idLocation`, `idPharmacist`) VALUES (719, 39, 9, 4, 9, 9);
INSERT INTO `mydb`.`Fact_Sales` (`idTransaction`, `idWaktu`, `idDrug`, `idPatient`, `idLocation`, `idPharmacist`) VALUES (720, 40, 9, 4, 9, 9);
INSERT INTO `mydb`.`Fact_Sales` (`idTransaction`, `idWaktu`, `idDrug`, `idPatient`, `idLocation`, `idPharmacist`) VALUES (721, 41, 9, 4, 9, 9);
INSERT INTO `mydb`.`Fact_Sales` (`idTransaction`, `idWaktu`, `idDrug`, `idPatient`, `idLocation`, `idPharmacist`) VALUES (722, 42, 9, 4, 9, 9);
INSERT INTO `mydb`.`Fact_Sales` (`idTransaction`, `idWaktu`, `idDrug`, `idPatient`, `idLocation`, `idPharmacist`) VALUES (723, 38, 9, 4, 9, 9);
INSERT INTO `mydb`.`Fact_Sales` (`idTransaction`, `idWaktu`, `idDrug`, `idPatient`, `idLocation`, `idPharmacist`) VALUES (724, 39, 9, 4, 9, 9);
INSERT INTO `mydb`.`Fact_Sales` (`idTransaction`, `idWaktu`, `idDrug`, `idPatient`, `idLocation`, `idPharmacist`) VALUES (725, 43, 10, 6, 10, 9);
INSERT INTO `mydb`.`Fact_Sales` (`idTransaction`, `idWaktu`, `idDrug`, `idPatient`, `idLocation`, `idPharmacist`) VALUES (726, 44, 10, 6, 10, 9);
INSERT INTO `mydb`.`Fact_Sales` (`idTransaction`, `idWaktu`, `idDrug`, `idPatient`, `idLocation`, `idPharmacist`) VALUES (727, 45, 10, 6, 10, 9);
INSERT INTO `mydb`.`Fact_Sales` (`idTransaction`, `idWaktu`, `idDrug`, `idPatient`, `idLocation`, `idPharmacist`) VALUES (728, 46, 10, 6, 10, 9);
INSERT INTO `mydb`.`Fact_Sales` (`idTransaction`, `idWaktu`, `idDrug`, `idPatient`, `idLocation`, `idPharmacist`) VALUES (729, 47, 10, 6, 10, 9);
INSERT INTO `mydb`.`Fact_Sales` (`idTransaction`, `idWaktu`, `idDrug`, `idPatient`, `idLocation`, `idPharmacist`) VALUES (730, 48, 10, 6, 10, 9);
INSERT INTO `mydb`.`Fact_Sales` (`idTransaction`, `idWaktu`, `idDrug`, `idPatient`, `idLocation`, `idPharmacist`) VALUES (731, 43, 10, 6, 10, 9);
INSERT INTO `mydb`.`Fact_Sales` (`idTransaction`, `idWaktu`, `idDrug`, `idPatient`, `idLocation`, `idPharmacist`) VALUES (732, 44, 10, 6, 10, 9);
INSERT INTO `mydb`.`Fact_Sales` (`idTransaction`, `idWaktu`, `idDrug`, `idPatient`, `idLocation`, `idPharmacist`) VALUES (733, 45, 10, 6, 10, 9);
INSERT INTO `mydb`.`Fact_Sales` (`idTransaction`, `idWaktu`, `idDrug`, `idPatient`, `idLocation`, `idPharmacist`) VALUES (734, 46, 10, 6, 10, 9);
INSERT INTO `mydb`.`Fact_Sales` (`idTransaction`, `idWaktu`, `idDrug`, `idPatient`, `idLocation`, `idPharmacist`) VALUES (735, 49, 11, 6, 11, 9);
INSERT INTO `mydb`.`Fact_Sales` (`idTransaction`, `idWaktu`, `idDrug`, `idPatient`, `idLocation`, `idPharmacist`) VALUES (736, 50, 11, 6, 11, 9);
INSERT INTO `mydb`.`Fact_Sales` (`idTransaction`, `idWaktu`, `idDrug`, `idPatient`, `idLocation`, `idPharmacist`) VALUES (737, 51, 11, 6, 11, 9);
INSERT INTO `mydb`.`Fact_Sales` (`idTransaction`, `idWaktu`, `idDrug`, `idPatient`, `idLocation`, `idPharmacist`) VALUES (738, 52, 11, 6, 11, 9);
INSERT INTO `mydb`.`Fact_Sales` (`idTransaction`, `idWaktu`, `idDrug`, `idPatient`, `idLocation`, `idPharmacist`) VALUES (739, 53, 11, 6, 11, 9);
INSERT INTO `mydb`.`Fact_Sales` (`idTransaction`, `idWaktu`, `idDrug`, `idPatient`, `idLocation`, `idPharmacist`) VALUES (740, 54, 11, 6, 11, 9);
INSERT INTO `mydb`.`Fact_Sales` (`idTransaction`, `idWaktu`, `idDrug`, `idPatient`, `idLocation`, `idPharmacist`) VALUES (741, 49, 11, 6, 11, 9);
INSERT INTO `mydb`.`Fact_Sales` (`idTransaction`, `idWaktu`, `idDrug`, `idPatient`, `idLocation`, `idPharmacist`) VALUES (742, 50, 11, 6, 11, 9);
INSERT INTO `mydb`.`Fact_Sales` (`idTransaction`, `idWaktu`, `idDrug`, `idPatient`, `idLocation`, `idPharmacist`) VALUES (743, 51, 11, 6, 11, 9);
INSERT INTO `mydb`.`Fact_Sales` (`idTransaction`, `idWaktu`, `idDrug`, `idPatient`, `idLocation`, `idPharmacist`) VALUES (744, 52, 11, 6, 11, 9);
INSERT INTO `mydb`.`Fact_Sales` (`idTransaction`, `idWaktu`, `idDrug`, `idPatient`, `idLocation`, `idPharmacist`) VALUES (745, 55, 12, 8, 12, 9);
INSERT INTO `mydb`.`Fact_Sales` (`idTransaction`, `idWaktu`, `idDrug`, `idPatient`, `idLocation`, `idPharmacist`) VALUES (746, 56, 12, 8, 12, 9);
INSERT INTO `mydb`.`Fact_Sales` (`idTransaction`, `idWaktu`, `idDrug`, `idPatient`, `idLocation`, `idPharmacist`) VALUES (747, 57, 12, 8, 12, 9);
INSERT INTO `mydb`.`Fact_Sales` (`idTransaction`, `idWaktu`, `idDrug`, `idPatient`, `idLocation`, `idPharmacist`) VALUES (748, 58, 13, 10, 13, 9);
INSERT INTO `mydb`.`Fact_Sales` (`idTransaction`, `idWaktu`, `idDrug`, `idPatient`, `idLocation`, `idPharmacist`) VALUES (749, 55, 13, 10, 13, 9);
INSERT INTO `mydb`.`Fact_Sales` (`idTransaction`, `idWaktu`, `idDrug`, `idPatient`, `idLocation`, `idPharmacist`) VALUES (750, 56, 13, 10, 13, 9);
INSERT INTO `mydb`.`Fact_Sales` (`idTransaction`, `idWaktu`, `idDrug`, `idPatient`, `idLocation`, `idPharmacist`) VALUES (751, 59, 14, 12, 14, 1);
INSERT INTO `mydb`.`Fact_Sales` (`idTransaction`, `idWaktu`, `idDrug`, `idPatient`, `idLocation`, `idPharmacist`) VALUES (752, 60, 15, 14, 15, 3);
INSERT INTO `mydb`.`Fact_Sales` (`idTransaction`, `idWaktu`, `idDrug`, `idPatient`, `idLocation`, `idPharmacist`) VALUES (753, 61, 16, 2, 4, 5);
INSERT INTO `mydb`.`Fact_Sales` (`idTransaction`, `idWaktu`, `idDrug`, `idPatient`, `idLocation`, `idPharmacist`) VALUES (754, 59, 17, 4, 8, 7);
INSERT INTO `mydb`.`Fact_Sales` (`idTransaction`, `idWaktu`, `idDrug`, `idPatient`, `idLocation`, `idPharmacist`) VALUES (755, 60, 18, 6, 12, 9);

COMMIT;

